,ID,E_Brent,Opt_Basica,PP,BR,AR,WO,NW,opt_CE,opt_CN,opt_CS,opt_IC,opt_IN,opt_IS,BE_F,VPN_Basica_porta,VPN_incremental_porta,VPN_Basica,VPN_incremental,VPN_Total,EFI_INCREMENTAL,capex,opex_basica,opex_incremental,volumen_B_LE,volumen_I_LE,volumen_T_LE
0,0,40,0,0.555,1,0,1,1,1,1,1,1,1,1,26.851965565589275,0,120433.7171,0,0,0,9.561182752853816e-11,258069.7285,0,154085.4649,0.0,10.668112951775,10.668112951775
1,1,40,0,0.555,1,0,1,1,1,1,1,1,1,0,26.618870435750747,0,102698.5937,0,0,0,2.951786870824676e-10,215956.7757,0,128203.6517,0.0,9.182572942237503,9.182572942237503
2,2,40,0,0.555,1,0,1,1,1,1,1,1,0,1,26.970234598442502,0,105483.2057,0,0,0,0.0,225938.1415,0,142426.8063,0.0,9.435931761750002,9.435931761750002
3,3,40,0,0.555,1,0,1,1,1,1,1,1,0,0,26.766531382046214,0,87683.0018,0,0,0,6.369040654824556e-10,183825.1887,0,116544.9931,0.0,7.815122464775001,7.815122464775001
4,4,40,0,0.555,1,0,1,1,1,1,1,0,1,1,26.697765671003243,0,107937.0189,0,0,0,1.2837078883224356e-10,230445.8376,0,131566.9499,0.0,9.561956294400003,9.561956294400003
5,5,40,0,0.555,1,0,1,1,1,1,1,0,1,0,26.437903444102453,0,90150.1476,0,0,0,0.0,188332.8848,0,105685.1367,0.0,7.9221918858625,7.9221918858625
6,6,40,0,0.555,1,0,1,1,1,1,1,0,0,1,26.846797995560934,0,92837.7219,0,0,0,5.859747731091402e-10,198314.2507,0,119908.2913,0.0,8.189437896875,8.189437896875
7,7,40,0,0.555,1,0,1,1,1,1,1,0,0,0,26.551434355791727,0,74975.6401,0,0,0,0.0,156201.2979,0,94026.4781,0.0,6.671300362400001,6.671300362400001
8,8,40,0,0.555,1,0,1,1,1,1,0,1,1,1,26.835763455328042,0,87782.0714,0,0,0,6.34751215599445e-10,188548.8508,0,111815.7309,0.0,7.873787524325003,7.873787524325003
9,9,40,0,0.555,1,0,1,1,1,1,0,1,1,0,26.55156784740416,0,69989.195,0,0,0,0.0,146435.898,0,85933.9177,0.0,6.234023115787501,6.234023115787501
10,10,40,0,0.555,1,0,1,1,1,1,0,1,0,1,27.05078421234695,0,72731.2137,0,0,0,4.523370917131092e-10,156417.2638,0,100157.0723,0.0,6.527827553362501,6.527827553362501
11,11,40,0,0.555,1,0,1,1,1,1,0,1,0,0,26.769501882015835,0,54836.2348,0,0,0,0.0,114304.311,0,74275.2591,0.0,4.9070182563874996,4.9070182563874996
12,12,40,0,0.555,1,0,1,1,1,1,0,0,1,1,26.663658374532567,0,75177.4209,0,0,0,6.187117119547462e-10,160924.9599,0,89297.2159,0.0,6.613406467949999,6.613406467949999
13,13,40,0,0.555,1,0,1,1,1,1,0,0,1,0,26.257415268148495,0,57346.3194,0,0,0,0.0,118812.0071,0,63415.4027,0.0,4.9736420594125,4.9736420594125
14,14,40,0,0.555,1,0,1,1,1,1,0,0,0,1,26.860409851832795,0,60007.2982,0,0,0,5.326142031138564e-10,128793.373,0,77638.5573,0.0,5.3625149444875,5.3625149444875
15,15,40,0,0.555,1,0,1,1,1,1,0,0,0,0,26.402544391024655,0,42169.6575,0,0,0,0.0,86680.4202,0,51756.7441,0.0,3.72275053595,3.72275053595
16,16,40,0,0.555,1,0,1,1,1,0,1,1,1,1,26.774923706886607,0,98281.5929,0,0,0,8.323254040768386e-11,208924.431,0,125972.7443,0.0,8.652360586262503,8.652360586262503
17,17,40,0,0.555,1,0,1,1,1,0,1,1,1,0,26.50756572087362,0,80446.6931,0,0,0,5.966683455564102e-10,166811.4782,0,100090.9311,0.0,7.0315512892875,7.0315512892875
18,18,40,0,0.555,1,0,1,1,1,0,1,1,0,1,26.92034671203567,0,83178.7471,0,0,0,0.0,176792.844,0,114314.0857,0.0,7.4201793962375024,7.4201793962375024
19,19,40,0,0.555,1,0,1,1,1,0,1,1,0,0,26.64368327503574,0,65305.9324,0,0,0,0.0,134679.8912,0,88432.2725,0.0,5.799370099262502,5.799370099262502
20,20,40,0,0.555,1,0,1,1,1,0,1,0,1,1,26.61307917557135,0,85694.7332,0,0,0,6.240134043292195e-10,181300.5402,0,103454.2293,0.0,7.4058667213875005,7.4058667213875005
21,21,40,0,0.555,1,0,1,1,1,0,1,0,1,0,26.220425097542176,0,67814.2269,0,0,0,1.3104614155833235e-10,139187.5874,0,77572.4161,0.0,5.8734013947875,5.8734013947875
22,22,40,0,0.555,1,0,1,1,1,0,1,0,0,1,26.75771185603047,0,70546.6836,0,0,0,0.0,149168.9532,0,91795.5707,0.0,6.173685531362501,6.173685531362501
23,23,40,0,0.555,1,0,1,1,1,0,1,0,0,0,26.352386218441765,0,52651.7046,0,0,0,0.0,107056.0004,0,65913.7575,0.0,4.5528762343875,4.5528762343875
24,24,40,0,0.555,1,0,1,1,1,0,0,1,1,1,26.77498123379063,0,65478.3512,0,0,0,0.0,139403.5533,0,83703.0102,0.0,5.744256377874999,5.744256377874999
25,25,40,0,0.555,1,0,1,1,1,0,0,1,1,0,26.30046554677392,0,47635.1487,0,0,0,0.0,97290.6005,0,57821.197,0.0,4.1852326247125005,4.1852326247125005
26,26,40,0,0.555,1,0,1,1,1,0,0,1,0,1,27.02448128576809,0,50366.3635,0,0,0,0.0,107271.9663,0,72044.3516,0.0,4.512075187850001,4.512075187850001
27,27,40,0,0.555,1,0,1,1,1,0,0,1,0,0,26.526393864073,0,32483.0505,0,0,0,4.1307060115340357e-10,65159.0135,0,46162.5384,0.0,2.8912658908750006,2.8912658908750006
28,28,40,0,0.555,1,0,1,1,1,0,0,0,1,1,26.489850495255794,0,52823.3746,0,0,0,0.0,111779.6624,0,61184.4953,0.0,4.564615976875,4.564615976875
29,29,40,0,0.555,1,0,1,1,1,0,0,0,1,0,25.704944366212036,0,34998.8821,0,0,0,3.3204772977519565e-10,69666.7096,0,35302.6821,0.0,2.9248515683375,2.9248515683375
30,30,40,0,0.555,1,0,1,1,1,0,0,0,0,1,26.75867033991348,0,37683.3627,0,0,0,9.520601726275089e-11,79648.0755,0,49525.8367,0.0,3.265581322975,3.265581322975
31,31,40,0,0.555,1,0,1,1,1,0,0,0,0,0,25.597424778123397,0,19815.6113,0,0,0,1.0315470904113564e-09,37535.1227,0,23644.0235,0.0,1.673960044875,1.673960044875
32,32,40,0,0.555,1,0,1,1,0,1,1,1,1,1,27.05821353115273,0,100796.4734,0,0,0,4.2643021528796346e-10,220534.6058,0,130441.4414,0.0,9.023340925775003,9.023340925775003
33,33,40,0,0.555,1,0,1,1,0,1,1,1,1,0,26.866645129916133,0,82979.1037,0,0,0,6.293236706900199e-10,178421.653,0,104559.6282,0.0,7.4025316288,7.4025316288
34,34,40,0,0.555,1,0,1,1,0,1,1,1,0,1,27.241638882681688,0,85713.1429,0,0,0,5.071489718348494e-10,188403.0189,0,118782.7828,0.0,7.791159735750003,7.791159735750003
35,35,40,0,0.555,1,0,1,1,0,1,1,1,0,0,27.069787535703707,0,67845.0117,0,0,0,4.758030026929632e-10,146290.066,0,92900.9696,0.0,6.170350438775002,6.170350438775002
36,36,40,0,0.555,1,0,1,1,0,1,1,0,1,1,26.915642286836196,0,88228.4148,0,0,0,3.0436882280156005e-10,192910.715,0,107922.9264,0.0,7.887996249525001,7.887996249525001
37,37,40,0,0.555,1,0,1,1,0,1,1,0,1,0,26.65851541694893,0,70352.6619,0,0,0,6.306974552544516e-10,150797.7622,0,82041.1132,0.0,6.248231840987501,6.248231840987501
38,38,40,0,0.555,1,0,1,1,0,1,1,0,0,1,27.143758098197754,0,73082.2353,0,0,0,7.389114466275995e-10,160779.128,0,96264.2679,0.0,6.544665870875,6.544665870875
39,39,40,0,0.555,1,0,1,1,0,1,1,0,0,0,26.90053814368587,0,55187.2563,0,0,0,6.214876021440909e-10,118666.1752,0,70382.4547,0.0,4.9238565739,4.9238565739
40,40,40,0,0.555,1,0,1,1,0,1,0,1,1,1,27.18973850180713,0,68013.9029,0,0,0,6.146898038769987e-10,151013.7281,0,88171.7074,0.0,6.1152367173875,6.1152367173875
41,41,40,0,0.555,1,0,1,1,0,1,0,1,1,0,26.904701497221254,0,50173.5837,0,0,0,0.0,108900.7753,0,62289.8942,0.0,4.5600630709125,4.5600630709125
42,42,40,0,0.555,1,0,1,1,0,1,0,1,0,1,27.530035236138943,0,52905.4428,0,0,0,3.355201947469179e-10,118882.1411,0,76513.0488,0.0,4.883055527362502,4.883055527362502
43,43,40,0,0.555,1,0,1,1,0,1,0,1,0,0,27.357946101464837,0,34976.4899,0,0,0,0.0,76769.1883,0,50631.2356,0.0,3.262246230387501,3.262246230387501
44,44,40,0,0.555,1,0,1,1,0,1,0,0,1,1,27.016731000883368,0,55361.8096,0,0,0,3.3479167655047986e-10,123389.8373,0,65653.1924,0.0,4.939446423075,4.939446423075
45,45,40,0,0.555,1,0,1,1,0,1,0,0,1,0,26.587964380668772,0,37520.9458,0,0,0,0.0,81276.8844,0,39771.3792,0.0,3.2996820145375,3.2996820145375
46,46,40,0,0.555,1,0,1,1,0,1,0,0,0,1,27.449381353389747,0,40218.9144,0,0,0,7.483756618231393e-10,91258.2503,0,53994.5338,0.0,3.6365616624875003,3.6365616624875003
47,47,40,0,0.555,1,0,1,1,0,1,0,0,0,0,27.06296763577318,0,22354.0463,0,0,0,0.0,49145.2975,0,28112.7206,0.0,2.0487904910749997,2.0487904910749997
48,48,40,0,0.555,1,0,1,1,0,0,1,1,1,1,27.033295330672242,0,78553.2883,0,0,0,4.546812245438637e-10,171389.3083,0,102328.7208,0.0,7.007588560262502,7.007588560262502
49,49,40,0,0.555,1,0,1,1,0,0,1,1,1,0,26.77513096194416,0,60658.3093,0,0,0,2.1404776015026713e-10,129276.3555,0,76446.9076,0.0,5.3867792632875,5.3867792632875
50,50,40,0,0.555,1,0,1,1,0,0,1,1,0,1,27.28516311639137,0,63364.1449,0,0,0,5.61362954402552e-10,139257.7214,0,90670.0622,0.0,5.7754073702375,5.7754073702375
51,51,40,0,0.555,1,0,1,1,0,0,1,1,0,0,27.050147041752556,0,45519.0163,0,0,0,0.0,97144.7686,0,64788.249,0.0,4.1545980732625,4.1545980732625
52,52,40,0,0.555,1,0,1,1,0,0,1,0,1,1,26.88449850939345,0,65829.3728,0,0,0,5.341159062454887e-10,143765.4175,0,79810.2058,0.0,5.7610946953875,5.7610946953875
53,53,40,0,0.555,1,0,1,1,0,0,1,0,1,0,26.464971775232815,0,47998.6156,0,0,0,0.0,101652.4647,0,53928.3926,0.0,4.1994413499125,4.1994413499125
54,54,40,0,0.555,1,0,1,1,0,0,1,0,0,1,27.158594211818276,0,50706.1949,0,0,0,0.0,111633.8305,0,68151.5472,0.0,4.5289135053625005,4.5289135053625005
55,55,40,0,0.555,1,0,1,1,0,0,1,0,0,0,26.756616535826772,0,32822.8819,0,0,0,1.1825776829025717e-09,69520.8777,0,42269.734,0.0,2.9081042083875004,2.9081042083875004
56,56,40,0,0.555,1,0,1,1,0,0,0,1,1,1,27.22860398977323,0,45689.9674,0,0,0,3.2480339554998234e-10,101868.4306,0,60058.9868,0.0,4.099484351875,4.099484351875
57,57,40,0,0.555,1,0,1,1,0,0,0,1,1,0,26.7745848159486,0,27819.5374,0,0,0,1.3155004321616226e-09,59755.4778,0,34177.1736,0.0,2.511272579837501,2.511272579837501
58,58,40,0,0.555,1,0,1,1,0,0,0,1,0,1,27.82589615432196,0,30604.3106,0,0,0,0.0,69736.8437,0,48400.3282,0.0,2.8673031618500007,2.8673031618500007
59,59,40,0,0.555,1,0,1,1,0,0,0,1,0,0,27.786240729590897,0,12772.7549,0,0,0,0.0,27623.8908,0,22518.515,0.0,1.246493864875,1.246493864875
60,60,40,0,0.555,1,0,1,1,0,0,0,0,1,1,26.985429508269075,0,33032.8246,0,0,0,1.0359093284428886e-09,74244.5398,0,37540.4718,0.0,2.8906559320000005,2.8906559320000005
61,61,40,0,0.555,1,0,1,1,0,0,0,0,1,0,25.753426086262778,0,15194.2112,0,0,0,3.4078040013250265e-09,32131.587,0,11658.6586,0.0,1.302272221425,1.302272221425
62,62,40,0,0.555,1,0,1,1,0,0,0,0,0,1,27.85322192541936,0,17883.313,0,0,0,0.0,42112.9528,0,25881.8132,0.0,1.6208092969750008,1.6208092969750008
63,63,40,0,0.555,1,0,1,1,0,0,0,0,0,0,40.0,0,0,0,0,0,0.0,0,0,0,0.0,0.0,0.0
64,64,40,0,0.555,1,0,1,0,1,1,1,1,1,1,22.870793782907928,0,79125.4133,0,0,0,7.958731252677522e-10,133981.4573,0,21069.7163,0.0,5.946991862600001,5.946991862600001
65,65,40,0,0.555,1,0,1,0,1,1,1,1,1,0,23.0974482680126,0,66729.9403,0,0,0,0.0,115190.2605,0,19425.2265,0.0,5.1030228861125035,5.1030228861125035
66,66,40,0,0.555,1,0,1,0,1,1,1,1,0,1,22.933112148030325,0,64625.301,0,0,0,0.0,109859.1402,0,17870.8169,0.0,4.874645628087501,4.874645628087501
67,67,40,0,0.555,1,0,1,0,1,1,1,1,0,0,23.234333714802517,0,52229.828,0,0,0,5.408919417946648e-11,91067.9433,0,16226.327,0.0,4.030676651599999,4.030676651599999
68,68,40,0,0.555,1,0,1,0,1,1,1,0,1,1,22.84420308317397,0,74562.7264,0,0,0,9.189147774816554e-10,125982.049,0,19646.0617,0.0,5.603438485799998,5.603438485799998
69,69,40,0,0.555,1,0,1,0,1,1,1,0,1,0,23.082653087248705,0,62167.2534,0,0,0,9.486835413063673e-10,107190.8522,0,18001.5718,0.0,4.759469509312499,4.759469509312499
70,70,40,0,0.555,1,0,1,0,1,1,1,0,0,1,22.904987847510284,0,60062.6141,0,0,0,0.0,101859.7318,0,16447.1622,0.0,4.5310922512875,4.5310922512875
71,71,40,0,0.555,1,0,1,0,1,1,1,0,0,0,23.22822639998725,0,47667.1411,0,0,0,0.0,83068.535,0,14802.6724,0.0,3.6871232748,3.6871232748
72,72,40,0,0.555,1,0,1,0,1,1,0,1,1,1,22.660137368363042,0,58306.9916,0,0,0,1.0315474980975146e-09,97781.0686,0,13248.2097,0.0,4.332776310650001,4.332776310650001
73,73,40,0,0.555,1,0,1,0,1,1,0,1,1,0,22.93875335668804,0,45911.5186,0,0,0,0.0,78989.8718,0,11603.7199,0.0,3.4888073341625003,3.4888073341625003
74,74,40,0,0.555,1,0,1,0,1,1,0,1,0,1,22.683616967616544,0,43806.8794,0,0,0,7.646117340319988e-10,73658.7515,0,10049.3103,0.0,3.2604300761375007,3.2604300761375007
75,75,40,0,0.555,1,0,1,0,1,1,0,1,0,0,23.09600179684849,0,31411.4064,0,0,0,0.0,54867.5547,0,8404.8204,0.0,2.4164610996500016,2.4164610996500016
76,76,40,0,0.555,1,0,1,0,1,1,0,0,1,1,22.604500698289606,0,53744.3048,0,0,0,0.0,89781.6603,0,11824.5551,0.0,3.98922293385,3.98922293385
77,77,40,0,0.555,1,0,1,0,1,1,0,0,1,0,22.89867248700795,0,41348.8318,0,0,0,0.0,70990.4635,0,10180.0653,0.0,3.1452539573625002,3.1452539573625002
78,78,40,0,0.555,1,0,1,0,1,1,0,0,0,1,22.61024730527541,0,39244.1925,0,0,0,0.0,65659.3432,0,8625.6557,0.0,2.9168766993375,2.9168766993375
79,79,40,0,0.555,1,0,1,0,1,1,0,0,0,0,23.061582326557687,0,26848.7195,0,0,0,0.0,46868.1463,0,6981.1658,0.0,2.07290772285,2.07290772285
80,80,40,0,0.555,1,0,1,0,1,0,1,1,1,1,22.691478336904506,0,63674.1019,0,0,0,9.193360734033466e-10,105913.8295,0,16361.4316,0.0,4.721144797387502,4.721144797387502
81,81,40,0,0.555,1,0,1,0,1,0,1,1,1,0,22.94816062725281,0,51278.6289,0,0,0,0.0,87122.6327,0,14716.9418,0.0,3.877175820900001,3.877175820900001
82,82,40,0,0.555,1,0,1,0,1,0,1,1,0,1,22.721578260067627,0,49173.9896,0,0,0,1.2517868537391135e-09,81791.5123,0,13162.5322,0.0,3.648798562874999,3.648798562874999
83,83,40,0,0.555,1,0,1,0,1,0,1,1,0,0,23.086386623490807,0,36778.5166,0,0,0,0.0,63000.3155,0,11518.0423,0.0,2.8048295863875,2.8048295863875
84,84,40,0,0.555,1,0,1,0,1,0,1,0,1,1,22.643421754765484,0,59111.415,0,0,0,0.0,97914.4212,0,14937.777,0.0,4.3775914205875,4.3775914205875
85,85,40,0,0.555,1,0,1,0,1,0,1,0,1,0,22.91358740103777,0,46715.942,0,0,0,0.0,79123.2243,0,13293.2871,0.0,3.5336224441000015,3.5336224441000015
86,86,40,0,0.555,1,0,1,0,1,0,1,0,0,1,22.661093156831175,0,44611.3027,0,0,0,1.197699129562811e-09,73792.104,0,11738.8775,0.0,3.3052451860750005,3.3052451860750005
87,87,40,0,0.555,1,0,1,0,1,0,1,0,0,0,23.056261179093326,0,32215.8297,0,0,0,0.0,55000.9072,0,10094.3877,0.0,2.4612762095875,2.4612762095875
88,88,40,0,0.555,1,0,1,0,1,0,0,1,1,1,22.30859168397032,0,42855.6803,0,0,0,1.4712254070709687e-09,69713.4408,0,8539.925,0.0,3.1069292454375,3.1069292454375
89,89,40,0,0.555,1,0,1,0,1,0,0,1,1,0,22.599960248794083,0,30460.2072,0,0,0,2.3182119174074438e-09,50922.244,0,6895.4352,0.0,2.2629602689500006,2.2629602689500006
90,90,40,0,0.555,1,0,1,0,1,0,0,1,0,1,22.162324432765256,0,28355.568,0,0,0,1.486718801910342e-09,45591.1237,0,5341.0256,0.0,2.034583010925,2.034583010925
91,91,40,0,0.555,1,0,1,0,1,0,0,1,0,0,22.609908819809977,0,15960.095,0,0,0,0.0,26799.9268,0,3696.5357,0.0,1.1906140344374998,1.1906140344374998
92,92,40,0,0.555,1,0,1,0,1,0,0,0,1,1,22.18517884643754,0,38292.9934,0,0,0,1.7600115258307208e-09,61714.0325,0,7116.2704,0.0,2.763375868637501,2.763375868637501
93,93,40,0,0.555,1,0,1,0,1,0,0,0,1,0,22.473460912605624,0,25897.5204,0,0,0,0.0,42922.8357,0,5471.7806,0.0,1.9194068921499998,1.9194068921499998
94,94,40,0,0.555,1,0,1,0,1,0,0,0,0,1,21.93176982482347,0,23792.8811,0,0,0,0.0,37591.7153,0,3917.371,0.0,1.691029634125,1.691029634125
95,95,40,0,0.555,1,0,1,0,1,0,0,0,0,0,22.326412076303985,0,11397.4081,0,0,0,5.5970191464503305e-09,18800.5185,0,2272.8811,0.0,0.8470606576374999,0.8470606576374999
96,96,40,0,0.555,1,0,1,0,0,1,1,1,1,1,22.961022538038247,0,67728.0051,0,0,0,5.519025414383499e-10,115180.9388,0,18796.8352,0.0,5.0999312049625,5.0999312049625
97,97,40,0,0.555,1,0,1,0,0,1,1,1,1,0,23.25152185990802,0,55332.5321,0,0,0,0.0,96389.742,0,17152.3453,0.0,4.255962228475001,4.255962228475001
98,98,40,0,0.555,1,0,1,0,0,1,1,1,0,1,23.060573620632468,0,53227.8929,0,0,0,1.1634197837131016e-09,91058.6217,0,15597.9357,0.0,4.02758497045,4.02758497045
99,99,40,0,0.555,1,0,1,0,0,1,1,1,0,0,23.477688316093758,0,40832.4199,0,0,0,0.0,72267.4248,0,13953.4459,0.0,3.183615993962499,3.183615993962499
100,100,40,0,0.555,1,0,1,0,0,1,1,0,1,1,22.936310793752995,0,63165.3183,0,0,0,6.040559759828191e-10,107181.5305,0,17373.1806,0.0,4.7563778281625,4.7563778281625
101,101,40,0,0.555,1,0,1,0,0,1,1,0,1,0,23.247319309179606,0,50769.8453,0,0,0,0.0,88390.3337,0,15728.6907,0.0,3.9124088516749995,3.9124088516749995
102,102,40,0,0.555,1,0,1,0,0,1,1,0,0,1,23.038051836105442,0,48665.206,0,0,0,1.2942645036841533e-09,83059.2133,0,14174.2811,0.0,3.684031593650001,3.684031593650001
103,103,40,0,0.555,1,0,1,0,0,1,1,0,0,0,23.49993176246906,0,36269.733,0,0,0,1.8187788003247687e-09,64268.0165,0,12529.7913,0.0,2.8400626171624994,2.8400626171624994
104,104,40,0,0.555,1,0,1,0,0,1,0,1,1,1,22.740834451286542,0,46909.5835,0,0,0,1.3096063631795457e-09,78980.5501,0,10975.3286,0.0,3.485715653012501,3.485715653012501
105,105,40,0,0.555,1,0,1,0,0,1,0,1,1,0,23.13586838068992,0,34514.1105,0,0,0,1.5930408641996843e-09,60189.3533,0,9330.8388,0.0,2.6417466765249995,2.6417466765249995
106,106,40,0,0.555,1,0,1,0,0,1,0,1,0,1,22.80842421231066,0,32409.4713,0,0,0,1.2158379090658794e-09,54858.233,0,7776.4292,0.0,2.4133694185,2.4133694185
107,107,40,0,0.555,1,0,1,0,0,1,0,1,0,0,23.515845285842534,0,20013.9982,0,0,0,2.3434409346608353e-09,36067.0361,0,6131.9393,0.0,1.5694004420125005,1.5694004420125005
108,108,40,0,0.555,1,0,1,0,0,1,0,0,1,1,22.679180194260137,0,42346.8967,0,0,0,0.0,70981.1418,0,9551.674,0.0,3.1421622762125008,3.1421622762125008
109,109,40,0,0.555,1,0,1,0,0,1,0,0,1,0,23.111033756741953,0,29951.4237,0,0,0,0.0,52189.945,0,7907.1841,0.0,2.2981932997250003,2.2981932997250003
110,110,40,0,0.555,1,0,1,0,0,1,0,0,0,1,22.72608501990842,0,27846.7844,0,0,0,0.0,46858.8247,0,6352.7745,0.0,2.0698160416999998,2.0698160416999998
111,111,40,0,0.555,1,0,1,0,0,1,0,0,0,0,23.5788450582001,0,15451.3114,0,0,0,3.558989485610018e-09,28067.6278,0,4708.2847,0.0,1.2258470652125002,1.2258470652125002
112,112,40,0,0.555,1,0,1,0,0,0,1,1,1,1,22.770632702858748,0,52276.6938,0,0,0,1.4105845643928516e-10,87113.311,0,14088.5505,0.0,3.874084139750001,3.874084139750001
113,113,40,0,0.555,1,0,1,0,0,0,1,1,1,0,23.12168477805437,0,39881.2208,0,0,0,0.0,68322.1142,0,12444.0606,0.0,3.030115163262499,3.030115163262499
114,114,40,0,0.555,1,0,1,0,0,0,1,1,0,1,22.839941044770956,0,37776.5815,0,0,0,0.0,62990.9938,0,10889.651,0.0,2.8017379052375,2.8017379052375
115,115,40,0,0.555,1,0,1,0,0,0,1,1,0,0,23.41543864243664,0,25381.1085,0,0,0,0.0,44199.797,0,9245.1612,0.0,1.9577689287499997,1.9577689287499997
116,116,40,0,0.555,1,0,1,0,0,0,1,0,1,1,22.718894690524124,0,47714.0069,0,0,0,5.937637970051327e-11,79113.9027,0,12664.8958,0.0,3.5305307629500007,3.5305307629500007
117,117,40,0,0.555,1,0,1,0,0,0,1,0,1,0,23.098740465165726,0,35318.5339,0,0,0,2.867312294246076e-10,60322.7058,0,11020.406,0.0,2.6865617864625007,2.6865617864625007
118,118,40,0,0.555,1,0,1,0,0,0,1,0,0,1,22.775442385022668,0,33213.8946,0,0,0,0.0,54991.5855,0,9465.9964,0.0,2.4581845284375,2.4581845284375
119,119,40,0,0.555,1,0,1,0,0,0,1,0,0,0,23.440833796373774,0,20818.4216,0,0,0,0.0,36200.3887,0,7821.5066,0.0,1.6142155519500005,1.6142155519500005
120,120,40,0,0.555,1,0,1,0,0,0,0,1,1,1,22.302026226666477,0,31458.2721,0,0,0,5.835749343446397e-10,50912.9223,0,6267.0439,0.0,2.259868587800001,2.259868587800001
121,121,40,0,0.555,1,0,1,0,0,0,0,1,1,0,22.76227955117717,0,19062.7991,0,0,0,3.824552550697615e-09,32121.7255,0,4622.5541,0.0,1.4158996113125,1.4158996113125
122,122,40,0,0.555,1,0,1,0,0,0,0,1,0,1,22.048436513044756,0,16958.1599,0,0,0,0.0,26790.6051,0,3068.1444,0.0,1.1875223532874994,1.1875223532874994
123,123,40,0,0.555,1,0,1,0,0,0,0,1,0,0,23.298393957058945,0,4562.6869,0,0,0,1.3315508845294864e-09,7999.4083,0,1423.6546,0.0,0.3435533768,0.3435533768
124,124,40,0,0.555,1,0,1,0,0,0,0,0,1,1,22.123839568056784,0,26895.5853,0,0,0,7.718988658327948e-10,42913.514,0,4843.3893,0.0,1.9163152110000004,1.9163152110000004
125,125,40,0,0.555,1,0,1,0,0,0,0,0,1,0,22.588931181260687,0,14500.1123,0,0,0,0.0,24122.3172,0,3198.8994,0.0,1.0723462345124997,1.0723462345124997
126,126,40,0,0.555,1,0,1,0,0,0,0,0,0,1,21.54825469280402,0,12395.473,0,0,0,0.0,18791.1968,0,1644.4898,0.0,0.8439689764875001,0.8439689764875001
127,127,40,0,0.555,1,0,1,0,0,0,0,0,0,0,40.0,0,0,0,0,0,0.0,0,0,0,0.0,0.0,0.0
128,128,40,0,0.555,1,0,0,1,1,1,1,1,1,1,31.516724010419935,0,42504.47,0,0,0,0.0,124088.2712,0,133015.7486,0.0,5.1335721423875,5.1335721423875
129,129,40,0,0.555,1,0,0,1,1,1,1,1,1,0,30.906049911480984,0,36925.3482,0,0,0,0.0,100766.5152,0,108778.4252,0.0,4.3170720514625,4.3170720514625
130,130,40,0,0.555,1,0,0,1,1,1,1,1,0,1,31.04287373564527,0,41828.3489,0,0,0,6.973907231332382e-10,116079.0014,0,124555.9894,0.0,4.9018021073875,4.9018021073875
131,131,40,0,0.555,1,0,0,1,1,1,1,1,0,0,30.29600026518213,0,36249.2271,0,0,0,9.766360034495392e-10,92757.2454,0,100318.6661,0.0,4.0853020164625,4.0853020164625
132,132,40,0,0.555,1,0,0,1,1,1,1,0,1,1,31.90295556495327,0,34199.779,0,0,0,4.0889981089707105e-10,104463.7887,0,111920.8882,0.0,4.20778186355,4.20778186355
133,133,40,0,0.555,1,0,0,1,1,1,1,0,1,0,31.23366119459972,0,28620.6572,0,0,0,1.0618913576641972e-10,81142.0327,0,87683.5649,0.0,3.3912817726250006,3.3912817726250006
134,134,40,0,0.555,1,0,0,1,1,1,1,0,0,1,31.347064843275636,0,33523.6579,0,0,0,0.0,96454.5188,0,103461.1291,0.0,3.9760118285500003,3.9760118285500003
135,135,40,0,0.555,1,0,0,1,1,1,1,0,0,0,30.476846816964247,0,27944.5362,0,0,0,0.0,73132.7629,0,79223.8057,0.0,3.1595117376250004,3.1595117376250004
136,136,40,0,0.555,1,0,0,1,1,1,0,1,1,1,31.8798914410056,0,30146.3386,0,0,0,0.0,90767.7821,0,98567.5212,0.0,3.718709717850001,3.718709717850001
137,137,40,0,0.555,1,0,0,1,1,1,0,1,1,0,31.075576669618915,0,24567.2168,0,0,0,1.1209354649955533e-09,67446.0262,0,74330.1978,0.0,2.9022096269250004,2.9022096269250004
138,138,40,0,0.555,1,0,0,1,1,1,0,1,0,1,31.236246505039816,0,29470.2175,0,0,0,0.0,82758.5123,0,90107.762,0.0,3.48693968285,3.48693968285
139,139,40,0,0.555,1,0,0,1,1,1,0,1,0,0,30.148606522212784,0,23891.0957,0,0,0,1.5931046851861844e-09,59436.7563,0,65870.4386,0.0,2.670439591925,2.670439591925
140,140,40,0,0.555,1,0,0,1,1,1,0,0,1,1,32.572215532960044,0,21841.6476,0,0,0,1.5210141248909456e-10,71143.2996,0,77472.6608,0.0,2.7929194390125,2.7929194390125
141,141,40,0,0.555,1,0,0,1,1,1,0,0,1,0,31.716813967470216,0,16262.5258,0,0,0,0.0,47821.5436,0,53235.3374,0.0,1.9764193480875005,1.9764193480875005
142,142,40,0,0.555,1,0,0,1,1,1,0,0,0,1,31.770729474123122,0,21165.5266,0,0,0,0.0,63134.0298,0,69012.9016,0.0,2.5611494040125007,2.5611494040125007
143,143,40,0,0.555,1,0,0,1,1,1,0,0,0,0,30.4027732866065,0,15586.4048,0,0,0,1.8724874846261196e-09,39812.2738,0,44775.5783,0.0,1.7446493130875,1.7446493130875
144,144,40,0,0.555,1,0,0,1,1,0,1,1,1,1,31.436352742530012,0,35368.9388,0,0,0,1.7857222803739906e-10,103010.6015,0,109611.3127,0.0,4.24482054335,4.24482054335
145,145,40,0,0.555,1,0,0,1,1,0,1,1,1,0,30.646889393444628,0,29789.8171,0,0,0,0.0,79688.8455,0,85373.9893,0.0,3.428320452425001,3.428320452425001
146,146,40,0,0.555,1,0,0,1,1,0,1,1,0,1,30.85542139552368,0,34692.8178,0,0,0,3.512252351832183e-10,95001.3317,0,101151.5535,0.0,4.013050508350001,4.013050508350001
147,147,40,0,0.555,1,0,0,1,1,0,1,1,0,0,29.849922871809937,0,29113.696,0,0,0,0.0,71679.5757,0,76914.2301,0.0,3.1965504174250006,3.1965504174250006
148,148,40,0,0.555,1,0,0,1,1,0,1,0,1,1,31.901685578713156,0,27064.2479,0,0,0,1.469829278169173e-09,83386.119,0,88516.4523,0.0,3.3190302645125,3.3190302645125
149,149,40,0,0.555,1,0,0,1,1,0,1,0,1,0,30.998073564199025,0,21485.1261,0,0,0,0.0,60064.363,0,64279.1289,0.0,2.5025301735875,2.5025301735875
150,150,40,0,0.555,1,0,0,1,1,0,1,0,0,1,31.191746198929987,0,26388.1268,0,0,0,0.0,75376.8492,0,80056.6932,0.0,3.0872602295125,3.0872602295125
151,151,40,0,0.555,1,0,0,1,1,0,1,0,0,0,29.92847936633299,0,20809.005,0,0,0,0.0,52055.0932,0,55819.3698,0.0,2.2707601385875,2.2707601385875
152,152,40,0,0.555,1,0,0,1,1,0,0,1,1,1,31.871267369075394,0,23010.8075,0,0,0,0.0,69690.1125,0,75163.0852,0.0,2.8299581188125007,2.8299581188125007
153,153,40,0,0.555,1,0,0,1,1,0,0,1,1,0,30.704386910801347,0,17431.6857,0,0,0,9.773604192633537e-10,46368.3565,0,50925.7618,0.0,2.0134580278875003,2.0134580278875003
154,154,40,0,0.555,1,0,0,1,1,0,0,1,0,1,31.011704756652055,0,22334.6864,0,0,0,0.0,61680.8427,0,66703.3261,0.0,2.598188083812501,2.598188083812501
155,155,40,0,0.555,1,0,0,1,1,0,0,1,0,0,29.264566818422068,0,16755.5646,0,0,0,3.1884017263020993e-09,38359.0867,0,42466.0027,0.0,1.7816879928875,1.7816879928875
156,156,40,0,0.555,1,0,0,1,1,0,0,0,1,1,32.86887962945823,0,14706.1165,0,0,0,2.0482765892608812e-09,50065.63,0,54068.2249,0.0,1.9041678399750002,1.9041678399750002
157,157,40,0,0.555,1,0,0,1,1,0,0,0,1,0,31.562542960120922,0,9162.987,0,0,0,3.184778661294752e-09,26743.874,0,29830.9015,0.0,1.0876677490500002,1.0876677490500002
158,158,40,0,0.555,1,0,0,1,1,0,0,0,0,1,31.701722813309644,0,14029.9954,0,0,0,4.860331143255077e-10,42056.3601,0,45608.4657,0.0,1.672397804975,1.672397804975
159,159,40,0,0.555,1,0,0,1,1,0,0,0,0,0,28.876619310414394,0,8450.8737,0,0,0,1.2439181813857876e-09,18734.6042,0,21371.1423,0.0,0.8558977140500003,0.8558977140500003
160,160,40,0,0.555,1,0,0,1,0,1,1,1,1,1,32.05021403068639,0,34053.5963,0,0,0,4.5577433252791014e-10,105353.667,0,111644.6063,0.0,4.2776744283375,4.2776744283375
161,161,40,0,0.555,1,0,0,1,0,1,1,1,1,0,31.421958384449443,0,28474.4745,0,0,0,2.61792300161172e-10,82031.911,0,87407.2829,0.0,3.461174337412501,3.461174337412501
162,162,40,0,0.555,1,0,0,1,0,1,1,1,0,1,31.50446417032347,0,33377.4752,0,0,0,0.0,97344.3972,0,103184.8471,0.0,4.0459043933375005,4.0459043933375005
163,163,40,0,0.555,1,0,0,1,0,1,1,1,0,0,30.681913137409847,0,27798.3535,0,0,0,1.2956659976608198e-09,74022.6412,0,78947.5237,0.0,3.2294043024125,3.2294043024125
164,164,40,0,0.555,1,0,0,1,0,1,1,0,1,1,32.67284491401703,0,25748.9053,0,0,0,0.0,85729.1845,0,90549.7459,0.0,3.3518841495,3.3518841495
165,165,40,0,0.555,1,0,0,1,0,1,1,0,1,0,32.04202117076663,0,20169.7836,0,0,0,1.0286353153234688e-10,62407.4285,0,66312.4225,0.0,2.5353840585750005,2.5353840585750005
166,166,40,0,0.555,1,0,0,1,0,1,1,0,0,1,32.01926723951246,0,25072.7843,0,0,0,9.00499483522164e-10,77719.9147,0,82089.9867,0.0,3.1201141145000006,3.1201141145000006
167,167,40,0,0.555,1,0,0,1,0,1,1,0,0,0,31.07841079481924,0,19493.6625,0,0,0,0.0,54398.1587,0,57852.6634,0.0,2.3036140235750002,2.3036140235750002
168,168,40,0,0.555,1,0,0,1,0,1,0,1,1,1,32.78924997979423,0,21695.4649,0,0,0,0.0,72033.178,0,77196.3788,0.0,2.8628120038000002,2.8628120038000002
169,169,40,0,0.555,1,0,0,1,0,1,0,1,1,0,32.036832676000174,0,16116.3431,0,0,0,0.0,48711.422,0,52959.0554,0.0,2.0463119128750002,2.0463119128750002
170,170,40,0,0.555,1,0,0,1,0,1,0,1,0,1,32.010680123458485,0,21019.3439,0,0,0,9.873758123523157e-11,64023.9082,0,68736.6197,0.0,2.6310419688,2.6310419688
171,171,40,0,0.555,1,0,0,1,0,1,0,1,0,0,30.774625238078908,0,15440.2221,0,0,0,0.0,40702.1522,0,44499.2963,0.0,1.8145418778750004,1.8145418778750004
172,172,40,0,0.555,1,0,0,1,0,1,0,0,1,1,34.18971693427443,0,13390.7739,0,0,0,0.0,52408.6955,0,56101.5185,0.0,1.9370217249624997,1.9370217249624997
173,173,40,0,0.555,1,0,0,1,0,1,0,0,1,0,33.95368723070086,0,7811.6522,0,0,0,4.237215089537324e-09,29086.9395,0,31864.1951,0.0,1.1205216340375,1.1205216340375
174,174,40,0,0.555,1,0,0,1,0,1,0,0,0,1,33.19707682046956,0,12714.6529,0,0,0,0.0,44399.4256,0,47641.7593,0.0,1.7052516899624999,1.7052516899624999
175,175,40,0,0.555,1,0,0,1,0,1,0,0,0,0,31.907861453220164,0,7135.5311,0,0,0,5.885225181237717e-09,21077.6697,0,23404.4359,0.0,0.8887515990375001,0.8887515990375001
176,176,40,0,0.555,1,0,0,1,0,0,1,1,1,1,32.08689873900434,0,26918.0652,0,0,0,0.0,84275.9974,0,88240.1703,0.0,3.3889228293000007,3.3889228293000007
177,177,40,0,0.555,1,0,0,1,0,0,1,1,1,0,31.25320722474056,0,21338.9434,0,0,0,3.1250124944322715e-10,60954.2414,0,64002.8469,0.0,2.572422738375,2.572422738375
178,178,40,0,0.555,1,0,0,1,0,0,1,1,0,1,31.393281715712313,0,26142.8953,0,0,0,1.4851489527786763e-09,76266.7275,0,79780.4112,0.0,3.1571527943,3.1571527943
179,179,40,0,0.555,1,0,0,1,0,0,1,1,0,0,30.21527896973147,0,20662.8223,0,0,0,1.1699050765845276e-09,52944.9716,0,55543.0878,0.0,2.340652703375001,2.340652703375001
180,180,40,0,0.555,1,0,0,1,0,0,1,0,1,1,32.93877695986767,0,18524.0591,0,0,0,0.0,64651.5148,0,67145.31,0.0,2.4631325504625003,2.4631325504625003
181,181,40,0,0.555,1,0,0,1,0,0,1,0,1,0,32.11355082825225,0,13034.2524,0,0,0,2.014315332587142e-09,41329.7588,0,42907.9866,0.0,1.6466324595375,1.6466324595375
182,182,40,0,0.555,1,0,0,1,0,0,1,0,0,1,32.06171686723636,0,17863.6158,0,0,0,0.0,56642.245,0,58685.5508,0.0,2.2313625154624996,2.2313625154624996
183,183,40,0,0.555,1,0,0,1,0,0,1,0,0,0,30.567474740741815,0,12306.4318,0,0,0,1.8413627567455754e-09,33320.489,0,34448.2274,0.0,1.4148624245375,1.4148624245375
184,184,40,0,0.555,1,0,0,1,0,0,0,1,1,1,33.179756436310754,0,14559.9338,0,0,0,2.0815837662402182e-09,50955.5083,0,53791.9429,0.0,1.9740604047625,1.9740604047625
185,185,40,0,0.555,1,0,0,1,0,0,0,1,1,0,32.139515945235445,0,8980.812,0,0,0,0.0,27633.7523,0,29554.6195,0.0,1.1575603138375,1.1575603138375
186,186,40,0,0.555,1,0,0,1,0,0,0,1,0,1,32.061965096619915,0,13836.4635,0,0,0,0.0,42946.2385,0,45332.1837,0.0,1.7422903697625,1.7422903697625
187,187,40,0,0.555,1,0,0,1,0,0,0,1,0,0,29.645702848667014,0,8304.691,0,0,0,0.0,19624.4825,0,21094.8604,0.0,0.9257902788375001,0.9257902788375001
188,188,40,0,0.555,1,0,0,1,0,0,0,0,1,1,36.01051246163125,0,6255.2428,0,0,0,0.0,31331.0258,0,32697.0825,0.0,1.048270125925,1.048270125925
189,189,40,0,0.555,1,0,0,1,0,0,0,0,1,0,42.06591754262077,0,695.9471,0,0,0,0.0,8009.2698,0,8459.7592,0.0,0.231770035,0.231770035
190,190,40,0,0.555,1,0,0,1,0,0,0,0,0,1,34.53658247637209,0,5557.184,0,0,0,1.466609756303176e-09,23321.756,0,24237.3234,0.0,0.7986945924875,0.7986945924875
191,191,40,0,0.555,1,0,0,1,0,0,0,0,0,0,40.0,0,0,0,0,0,0.0,0,0,0,0.0,0.0,0.0
192,192,40,0,0.555,0,1,1,1,1,1,1,1,1,1,33.38092116947445,0,103350.4587,0,0,0,0.0,465205.8346,0,473127.3417,0.0,17.2315270191125,17.2315270191125
193,193,40,0,0.555,0,1,1,1,1,1,1,1,1,0,32.24236511337546,0,93938.6541,0,0,0,1.0253062785139462e-10,366233.9886,0,380680.8345,0.0,13.895176892724995,13.895176892724995
194,194,40,0,0.555,0,1,1,1,1,1,1,1,0,1,34.2769422499994,0,89426.8219,0,0,0,0.0,445725.2159,0,450393.3574,0.0,16.0221662955,16.0221662955
195,195,40,0,0.555,0,1,1,1,1,1,1,1,0,0,33.21142531987951,0,80202.2049,0,0,0,3.2909876479081177e-10,346753.3699,0,357946.8502,0.0,12.7099227911375,12.7099227911375
196,196,40,0,0.555,0,1,1,1,1,1,1,0,1,1,31.893690965890254,0,98637.4398,0,0,0,0.0,381767.3503,0,378291.4321,0.0,14.216532773962498,14.216532773962498
197,197,40,0,0.555,0,1,1,1,1,1,1,0,1,0,30.206937494019314,0,89366.5266,0,0,0,5.405560896515247e-10,282795.5042,0,285844.9249,0.0,11.045371951249999,11.045371951249999
198,198,40,0,0.555,0,1,1,1,1,1,1,0,0,1,32.798251720550354,0,84905.1005,0,0,0,0.0,362286.7316,0,355557.4479,0.0,13.031278672374999,13.031278672374999
199,199,40,0,0.555,0,1,1,1,1,1,1,0,0,0,31.13340756760098,0,75455.2484,0,0,0,0.0,263314.8856,0,263110.9407,0.0,9.886570261975002,9.886570261975002
200,200,40,0,0.555,0,1,1,1,1,1,0,1,1,1,35.5671491575776,0,66759.334,0,0,0,1.0832969441873461e-10,384496.7609,0,396754.7827,0.0,13.397068123712502,13.397068123712502
201,201,40,0,0.555,0,1,1,1,1,1,0,1,1,0,34.55181254353901,0,57220.6718,0,0,0,8.508870030968798e-11,285524.9149,0,304308.2755,0.0,10.1302847748,10.1302847748
202,202,40,0,0.555,0,1,1,1,1,1,0,1,0,1,36.99649514099359,0,52967.896,0,0,0,3.724487449184547e-10,365016.1422,0,374020.7985,0.0,12.4934268376,12.4934268376
203,203,40,0,0.555,0,1,1,1,1,1,0,1,0,0,36.27850808943962,0,43411.4517,0,0,0,4.90921265283985e-10,266044.2962,0,281574.2913,0.0,9.183894456437502,9.183894456437502
204,204,40,0,0.555,0,1,1,1,1,1,0,0,1,1,33.91474262761627,0,62088.0041,0,0,0,0.0,301058.2766,0,301918.8732,0.0,10.7210199820625,10.7210199820625
205,205,40,0,0.555,0,1,1,1,1,1,0,0,1,0,32.086460547863844,0,52551.7559,0,0,0,4.4123236091231234e-10,202086.4305,0,209472.366,0.0,7.359254498325002,7.359254498325002
206,206,40,0,0.555,0,1,1,1,1,1,0,0,0,1,35.52534301203999,0,48127.1426,0,0,0,5.715102010979082e-11,281577.6579,0,279184.8889,0.0,9.51165925845,9.51165925845
207,207,40,0,0.555,0,1,1,1,1,1,0,0,0,0,33.9854768048312,0,38644.4776,0,0,0,0.0,182605.8119,0,186738.3817,0.0,6.20045280905,6.20045280905
208,208,40,0,0.555,0,1,1,1,1,0,1,1,1,1,34.18077458111685,0,80632.9052,0,0,0,0.0,397802.453,0,405181.9595,0.0,14.506525051125,14.506525051125
209,209,40,0,0.555,0,1,1,1,1,0,1,1,1,0,32.93642342406704,0,71356.2522,0,0,0,9.265741281945122e-11,298830.607,0,312735.4523,0.0,11.233608022587504,11.233608022587504
210,210,40,0,0.555,0,1,1,1,1,0,1,1,0,1,35.37291281288848,0,66882.2412,0,0,0,1.5713172703895243e-10,378321.8343,0,382447.9752,0.0,13.297164327512501,13.297164327512501
211,211,40,0,0.555,0,1,1,1,1,0,1,1,0,0,34.28996232555473,0,57408.6488,0,0,0,3.446296507202655e-10,279349.9883,0,290001.468,0.0,10.048353921,10.048353921
212,212,40,0,0.555,0,1,1,1,1,0,1,0,1,1,32.47469527455444,0,76065.1252,0,0,0,3.8668264272823514e-10,314363.9687,0,310346.0499,0.0,11.554963903825001,11.554963903825001
213,213,40,0,0.555,0,1,1,1,1,0,1,0,1,0,30.411085074827845,0,66606.9383,0,0,0,1.7575307348725461e-10,215392.1226,0,217899.5427,0.0,8.453295084362502,8.453295084362502
214,214,40,0,0.555,0,1,1,1,1,0,1,0,0,1,33.71549033749175,0,62272.1123,0,0,0,0.0,294883.35,0,287612.0657,0.0,10.369709802237503,10.369709802237503
215,215,40,0,0.555,0,1,1,1,1,0,1,0,0,0,31.724750080171408,0,52821.9973,0,0,0,0.0,195911.504,0,195165.5585,0.0,7.294493395087501,7.294493395087501
216,216,40,0,0.555,0,1,1,1,1,0,0,1,1,1,37.33667284957553,0,44058.5444,0,0,0,0.0,317093.3793,0,328809.4005,0.0,10.941410719787502,10.941410719787502
217,217,40,0,0.555,0,1,1,1,1,0,0,1,1,0,36.57167329302848,0,34520.4511,0,0,0,4.740789180432798e-10,218121.5333,0,236362.8933,0.0,7.668253212062501,7.668253212062501
218,218,40,0,0.555,0,1,1,1,1,0,0,1,0,1,39.60611059195526,0,30095.8377,0,0,0,4.536171918103628e-10,297612.7606,0,306075.4163,0.0,9.710137289612499,9.710137289612499
219,219,40,0,0.555,0,1,1,1,1,0,0,1,0,0,39.7037562097555,0,20597.878,0,0,0,6.703348788739228e-10,198640.9146,0,213628.9091,0.0,6.458892488450001,6.458892488450001
220,220,40,0,0.555,0,1,1,1,1,0,0,0,1,1,35.639170154286646,0,39236.1419,0,0,0,0.0,233654.895,0,233973.4909,0.0,7.996018014075001,7.996018014075001
221,221,40,0,0.555,0,1,1,1,1,0,0,0,1,0,33.5915170999342,0,29796.1675,0,0,0,9.13122189285059e-10,134683.0489,0,141526.9837,0.0,4.767177631437501,4.767177631437501
222,222,40,0,0.555,0,1,1,1,1,0,0,0,0,1,38.30475039328423,0,25426.9218,0,0,0,0.0,214174.2763,0,211239.5067,0.0,6.9509479788375,6.9509479788375
223,223,40,0,0.555,0,1,1,1,1,0,0,0,0,0,37.569244569492604,0,15950.9994,0,0,0,0.0,115202.4303,0,118792.9995,0.0,3.6083759421625,3.6083759421625
224,224,40,0,0.555,0,1,1,1,0,1,1,1,1,1,32.22680704313664,0,87595.3917,0,0,0,0.0,350003.4043,0,354334.3422,0.0,13.448682672312502,13.448682672312502
225,225,40,0,0.555,0,1,1,1,0,1,1,1,1,0,30.42641333312258,0,78154.9373,0,0,0,4.208451840060149e-11,251031.5583,0,261887.835,0.0,10.195437768624998,10.195437768624998
226,226,40,0,0.555,0,1,1,1,0,1,1,1,0,1,33.2795791016502,0,73790.5764,0,0,0,2.4783162189123684e-10,330522.7857,0,331600.3579,0.0,12.2393219487,12.2393219487
227,227,40,0,0.555,0,1,1,1,0,1,1,1,0,0,31.53048835344358,0,64328.0233,0,0,0,1.5026363502644744e-10,231550.9396,0,239153.8507,0.0,9.010183667037502,9.010183667037502
228,228,40,0,0.555,0,1,1,1,0,1,1,0,1,1,30.02917269017926,0,82899.1594,0,0,0,0.0,266564.92,0,259498.4326,0.0,10.516793649862501,10.516793649862501
229,229,40,0,0.555,0,1,1,1,0,1,1,0,1,0,27.036601228106427,0,73436.6063,0,0,0,2.487551727946413e-10,167593.0739,0,167051.9254,0.0,7.436996009087501,7.436996009087501
230,230,40,0,0.555,0,1,1,1,0,1,1,0,0,1,30.992090428196047,0,69072.2455,0,0,0,2.1509981544526568e-10,247084.3013,0,236764.4483,0.0,9.563273807050003,9.563273807050003
231,231,40,0,0.555,0,1,1,1,0,1,1,0,0,0,27.8599119485694,0,59609.6924,0,0,0,0.0,148112.4553,0,144317.9412,0.0,6.278194319812501,6.278194319812501
232,232,40,0,0.555,0,1,1,1,0,1,0,1,1,1,34.74904113329607,0,50860.3211,0,0,0,0.0,269294.3306,0,277961.7832,0.0,9.867416360975001,9.867416360975001
233,233,40,0,0.555,0,1,1,1,0,1,0,1,1,0,32.83793347361554,0,41293.0355,0,0,0,0.0,170322.4846,0,185515.276,0.0,6.610410833250002,6.610410833250002
234,234,40,0,0.555,0,1,1,1,0,1,0,1,0,1,36.74449435835982,0,36928.6747,0,0,0,1.16151569106482e-10,249813.712,0,255227.799,0.0,8.846589995299999,8.846589995299999
235,235,40,0,0.555,0,1,1,1,0,1,0,1,0,0,35.443131891853554,0,27466.1215,0,-6.1151,-6.1151,0.0,150841.8659,0,162781.2918,0.0,5.401050109637501,5.401050109637501
236,236,40,0,0.555,0,1,1,1,0,1,0,0,1,1,32.03650684843031,0,46131.6573,0,0,0,8.209185059003848e-10,185855.8463,0,183125.8736,0.0,6.9381756352625015,6.9381756352625015
237,237,40,0,0.555,0,1,1,1,0,1,0,0,1,0,27.397461064873287,0,36619.6023,0,0,0,0.0,86884.0003,0,90679.3664,0.0,3.7508785561625,3.7508785561625
238,238,40,0,0.555,0,1,1,1,0,1,0,0,0,1,34.20557024138817,0,32291.7674,0,0,0,0.0,166375.2276,0,160391.8894,0.0,5.876953620025,5.876953620025
239,239,40,0,0.555,0,1,1,1,0,1,0,0,0,0,29.512171490070543,0,22779.7124,0,0,0,1.0912182413851165e-09,67403.3816,0,67945.3822,0.0,2.6615688701374998,2.6615688701374998
240,240,40,0,0.555,0,1,1,1,0,0,1,1,1,1,33.00607011233207,0,64869.6998,0,0,0,0.0,282600.0227,0,286388.9599,0.0,10.723680704325004,10.723680704325004
241,241,40,0,0.555,0,1,1,1,0,0,1,1,1,0,30.77654970455765,0,55407.1467,0,0,0,4.675162301079676e-10,183628.1767,0,193942.4528,0.0,7.5338688984874995,7.5338688984874995
242,242,40,0,0.555,0,1,1,1,0,0,1,1,0,1,34.520048254155256,0,51042.7858,0,0,0,2.0148423618071513e-10,263119.4041,0,263654.9757,0.0,9.5143199807125,9.5143199807125
243,243,40,0,0.555,0,1,1,1,0,0,1,1,0,0,32.461868006743195,0,41514.1063,0,0,0,7.26247308594256e-10,164147.558,0,171208.4685,0.0,6.3486147969,6.3486147969
244,244,40,0,0.555,0,1,1,1,0,0,1,0,1,1,30.21701475413388,0,60151.3688,0,0,0,0.0,199161.5384,0,191553.0504,0.0,7.855224779724999,7.855224779724999
245,245,40,0,0.555,0,1,1,1,0,0,1,0,1,0,25.717156116708228,0,50654.4105,0,0,0,7.022989237574269e-10,100189.6923,0,99106.5432,0.0,4.728169598887501,4.728169598887501
246,246,40,0,0.555,0,1,1,1,0,0,1,0,0,1,31.642942434860547,0,46324.4549,0,0,0,3.90405945577685e-10,179680.9197,0,168819.0661,0.0,6.8382718390625,6.8382718390625
247,247,40,0,0.555,0,1,1,1,0,0,1,0,0,0,26.705666540032002,0,36810.7708,0,0,0,0.0,80709.0737,0,76372.5589,0.0,3.5985663948625004,3.5985663948625004
248,248,40,0,0.555,0,1,1,1,0,0,0,1,1,1,37.22843866388801,0,28007.798,0,0,0,1.5420142807943837e-11,201890.949,0,210016.401,0.0,7.261085191362502,7.261085191362502
249,249,40,0,0.555,0,1,1,1,0,0,0,1,1,0,35.6102792105786,0,18545.2449,0,0,0,1.2353734590300817e-09,102919.103,0,117569.8938,0.0,3.9904627409500004,3.9904627409500004
250,250,40,0,0.555,0,1,1,1,0,0,0,1,0,1,41.09354822195521,0,14180.8841,0,0,0,0.0,182410.3304,0,187282.4168,0.0,6.1534186370625,6.1534186370625
251,251,40,0,0.555,0,1,1,1,0,0,0,1,0,0,43.10019990404374,0,4718.331,0,0,0,0.0,83438.4843,0,94835.9096,0.0,2.968078288625001,2.968078288625001
252,252,40,0,0.555,0,1,1,1,0,0,0,0,1,1,33.892533719358426,0,23391.2824,0,0,0,0.0,118452.4647,0,115180.4914,0.0,4.3249375022125,4.3249375022125
253,253,40,0,0.555,0,1,1,1,0,0,0,0,1,0,22.555901482768192,0,13855.1199,0,0,0,0.0,19480.6187,0,22733.9842,0.0,1.0972673384625002,1.0972673384625002
254,254,40,0,0.555,0,1,1,1,0,0,0,0,0,1,39.364250507369896,0,9512.055,0,0,0,0.0,98971.846,0,92446.5072,0.0,3.2486278697875006,3.2486278697875006
255,255,40,0,0.555,0,1,1,1,0,0,0,0,0,0,40.0,0,0,0,0,0,0.0,0,0,0,0.0,0.0,0.0
256,256,40,0,0.555,0,1,1,0,1,1,1,1,1,1,17.760227787340074,0,105785.2254,0,0,0,2.992541129576414e-10,94775.9959,0,63337.9168,0.0,6.771548579575,6.771548579575
257,257,40,0,0.555,0,1,1,0,1,1,1,1,1,0,17.8346920642392,0,94963.0684,0,0,0,1.0047382332181676e-09,85270.7919,0,59070.5223,0.0,6.090529078,6.090529078
258,258,40,0,0.555,0,1,1,0,1,1,1,1,0,1,17.853248938289852,0,95395.2925,0,0,0,9.902195374225674e-10,86232.775,0,58158.7487,0.0,6.244688696937501,6.244688696937501
259,259,40,0,0.555,0,1,1,0,1,1,1,1,0,0,17.94849555966093,0,84573.1559,0,0,0,1.3140383000157487e-09,76727.5711,0,53891.3542,0.0,5.464291639987501,5.464291639987501
260,260,40,0,0.555,0,1,1,0,1,1,1,0,1,1,17.8455705728563,0,101790.6971,0,0,0,0.0,91874.7172,0,62351.2757,0.0,6.5391166155,6.5391166155
261,261,40,0,0.555,0,1,1,0,1,1,1,0,1,0,17.932869985376414,0,90969.7212,0,0,0,1.1262723431492188e-09,82369.5132,0,58083.8813,0.0,5.858097113925,5.858097113925
262,262,40,0,0.555,0,1,1,0,1,1,1,0,0,1,17.952027831791046,0,91400.7642,0,0,0,0.0,83331.4963,0,57172.1076,0.0,5.9128791774875,5.9128791774875
263,263,40,0,0.555,0,1,1,0,1,1,1,0,0,0,18.064093421412572,0,80579.9938,0,0,0,1.8108990205204625e-09,73826.2924,0,52904.7132,0.0,5.231859675912501,5.231859675912501
264,264,40,0,0.555,0,1,1,0,1,1,0,1,1,1,17.676038181553533,0,68641.3346,0,0,0,0.0,60680.1759,0,40800.7934,0.0,4.349159671075002,4.349159671075002
265,265,40,0,0.555,0,1,1,0,1,1,0,1,1,0,17.783165378127816,0,57820.3239,0,0,0,2.4353838795649305e-09,51174.972,0,36533.3989,0.0,3.6681401695000004,3.6681401695000004
266,266,40,0,0.555,0,1,1,0,1,1,0,1,0,1,17.814380748377015,0,58251.4016,0,0,0,0.0,52136.9551,0,35621.6253,0.0,3.722922233062499,3.722922233062499
267,267,40,0,0.555,0,1,1,0,1,1,0,1,0,0,17.975069704524543,0,47430.5965,0,0,0,0.0,42631.7512,0,31354.2308,0.0,3.041902731487501,3.041902731487501
268,268,40,0,0.555,0,1,1,0,1,1,0,0,1,1,17.805808685268143,0,64646.8063,0,0,0,1.809861823264525e-09,57778.8972,0,39814.1523,0.0,4.116727707000001,4.116727707000001
269,269,40,0,0.555,0,1,1,0,1,1,0,0,1,0,17.945241034206145,0,53827.1618,0,0,0,0.0,48273.6933,0,35546.7579,0.0,3.3761882941750003,3.3761882941750003
270,270,40,0,0.555,0,1,1,0,1,1,0,0,0,1,17.977655148618453,0,54256.8734,0,0,0,1.6007027650721138e-10,49235.6764,0,34634.9842,0.0,3.4904902689875006,3.4904902689875006
271,271,40,0,0.555,0,1,1,0,1,1,0,0,0,0,18.19039000045084,0,43437.9759,0,0,0,0.0,39730.4725,0,30367.5898,0.0,2.759672936850001,2.759672936850001
272,272,40,0,0.555,0,1,1,0,1,0,1,1,1,1,17.616675895485965,0,79407.0525,0,0,0,0.0,71122.2157,0,43850.0974,0.0,5.1708104399625014,5.1708104399625014
273,273,40,0,0.555,0,1,1,0,1,0,1,1,1,0,17.70186064917321,0,68584.8955,0,0,0,3.088030888742303e-10,61617.0118,0,39582.703,0.0,4.4777513997,4.4777513997
274,274,40,0,0.555,0,1,1,0,1,0,1,1,0,1,17.724268826793953,0,69017.1196,0,0,0,1.4972363309823796e-09,62578.9948,0,38670.9293,0.0,4.535957824825,4.535957824825
275,275,40,0,0.555,0,1,1,0,1,0,1,1,0,0,17.84388305744707,0,58194.9626,0,0,0,1.1414946709711736e-09,53073.7909,0,34403.5349,0.0,3.8428987845625,3.8428987845625
276,276,40,0,0.555,0,1,1,0,1,0,1,0,1,1,17.726448814289487,0,75412.5243,0,0,0,0.0,68220.937,0,42863.4564,0.0,4.934640798324999,4.934640798324999
277,277,40,0,0.555,0,1,1,0,1,0,1,0,1,0,17.834383053232507,0,64590.3673,0,0,0,0.0,58715.7331,0,38596.062,0.0,4.2415817580625,4.2415817580625
278,278,40,0,0.555,0,1,1,0,1,0,1,0,0,1,17.85724136234746,0,65022.5913,0,0,0,1.6734253307698292e-09,59677.7161,0,37684.2883,0.0,4.2997881831875,4.2997881831875
279,279,40,0,0.555,0,1,1,0,1,0,1,0,0,0,18.010655395078743,0,54200.4344,0,0,0,1.9950093487425005e-09,50172.5122,0,33416.8939,0.0,3.606729142925,3.606729142925
280,280,40,0,0.555,0,1,1,0,1,0,0,1,1,1,17.34969118313668,0,42263.1617,0,0,0,0.0,37026.3958,0,21312.974,0.0,2.7477349710250003,2.7477349710250003
281,281,40,0,0.555,0,1,1,0,1,0,0,1,1,0,17.448136260714424,0,31441.0047,0,0,0,0.0,27521.1918,0,17045.5796,0.0,2.01598123595,2.01598123595
282,282,40,0,0.555,0,1,1,0,1,0,0,1,0,1,17.495663780487863,0,31873.2288,0,0,0,0.0,28483.1749,0,16133.8059,0.0,2.1052138792625,2.1052138792625
283,283,40,0,0.555,0,1,1,0,1,0,0,1,0,0,17.72034468845194,0,21051.0718,0,0,0,4.499833353874109e-09,18977.971,0,11866.4115,0.0,1.3811286208125002,1.3811286208125002
284,284,40,0,0.555,0,1,1,0,1,0,0,0,1,1,17.543059791452727,0,38268.6334,0,0,0,2.8125732343713133e-09,34125.1171,0,20326.333,0.0,2.5082236859500004,2.5082236859500004
285,285,40,0,0.555,0,1,1,0,1,0,0,0,1,0,17.727160131955525,0,27446.4764,0,0,0,0.0,24619.9131,0,16058.9386,0.0,1.7522740552499998,1.7522740552499998
286,286,40,0,0.555,0,1,1,0,1,0,0,0,0,1,17.778945462862826,0,27878.7005,0,0,0,0.0,25581.8962,0,15147.1649,0.0,1.8657025941874994,1.8657025941874994
287,287,40,0,0.555,0,1,1,0,1,0,0,0,0,0,18.22219479813355,0,17056.5435,0,0,0,0.0,16076.6923,0,10879.7705,0.0,1.144958979175,1.144958979175
288,288,40,0,0.555,0,1,1,0,0,1,1,1,1,1,17.669769251717778,0,88728.6819,0,0,0,0.0,78699.3036,0,52458.1462,0.0,5.6455119623375,5.6455119623375
289,289,40,0,0.555,0,1,1,0,0,1,1,1,1,0,17.748422442845758,0,77907.1759,0,0,0,6.937888142305003e-10,69194.0997,0,48190.7518,0.0,4.964492460762499,4.964492460762499
290,290,40,0,0.555,0,1,1,0,0,1,1,1,0,1,17.771797551443626,0,78338.7489,0,0,0,1.3586837172324711e-09,70156.0827,0,47278.9781,0.0,5.019274524325001,5.019274524325001
291,291,40,0,0.555,0,1,1,0,0,1,1,1,0,0,17.878182562243143,0,67517.4484,0,0,0,7.596220469425871e-10,60650.8788,0,43011.5837,0.0,4.33825502275,4.33825502275
292,292,40,0,0.555,0,1,1,0,0,1,1,0,1,1,17.768529355968703,0,84734.1536,0,0,0,0.0,75798.0249,0,51471.5052,0.0,5.413079998262501,5.413079998262501
293,293,40,0,0.555,0,1,1,0,0,1,1,0,1,0,17.865108345267753,0,73914.0138,0,0,0,6.51430505322644e-10,66292.821,0,47204.1108,0.0,4.7320604966875,4.7320604966875
294,294,40,0,0.555,0,1,1,0,0,1,1,0,0,1,17.88903197837995,0,74344.2207,0,0,0,0.0,67254.804,0,46292.3371,0.0,4.786842560249998,4.786842560249998
295,295,40,0,0.555,0,1,1,0,0,1,1,0,0,0,18.020820683486658,0,63524.2863,0,0,0,1.4116659226828794e-09,57749.6001,0,42024.9427,0.0,4.105823058675001,4.105823058675001
296,296,40,0,0.555,0,1,1,0,0,1,0,1,1,1,17.491310676016845,0,51584.791,0,0,0,2.319876975746193e-09,44603.4837,0,29921.0229,0.0,3.2231230538375,3.2231230538375
297,297,40,0,0.555,0,1,1,0,0,1,0,1,1,0,17.593068391475388,0,40764.7173,0,0,0,0.0,35098.2797,0,25653.6284,0.0,2.499683840824999,2.499683840824999
298,298,40,0,0.555,0,1,1,0,0,1,0,1,0,1,17.641873152871074,0,41194.8581,0,0,0,0.0,36060.2628,0,24741.8548,0.0,2.596885615825,2.596885615825
299,299,40,0,0.555,0,1,1,0,0,1,0,1,0,0,17.829397084558927,0,30375.6888,0,0,0,0.0,26555.0589,0,20474.4603,0.0,1.8831684835000007,1.8831684835000007
300,300,40,0,0.555,0,1,1,0,0,1,0,0,1,1,17.653868184174268,0,47590.2628,0,0,0,0.0,41702.2049,0,28934.3818,0.0,2.9906910897624996,2.9906910897624996
301,301,40,0,0.555,0,1,1,0,0,1,0,0,1,0,17.80893403964119,0,36773.2651,0,0,0,2.950816984319047e-09,32197.001,0,24666.9874,0.0,2.271448893125,2.271448893125
302,302,40,0,0.555,0,1,1,0,0,1,0,0,0,1,17.863523557478064,0,37200.3299,0,0,0,2.079107110771598e-09,33158.9841,0,23755.2137,0.0,2.36445365175,2.36445365175
303,303,40,0,0.555,0,1,1,0,0,1,0,0,0,0,18.15971078791947,0,26385.2832,0,0,0,7.247048004552218e-10,23653.7802,0,19487.8193,0.0,1.6549335358000001,1.6549335358000001
304,304,40,0,0.555,0,1,1,0,0,0,1,1,1,1,17.44770321727337,0,62350.509,0,0,0,1.5929831472528153e-09,55045.5234,0,32970.3269,0.0,4.0258514607875,4.0258514607875
305,305,40,0,0.555,0,1,1,0,0,0,1,1,1,0,17.52665277909808,0,51528.352,0,0,0,0.0,45540.3195,0,28702.9325,0.0,3.3327924205250006,3.3327924205250006
306,306,40,0,0.555,0,1,1,0,0,0,1,1,0,1,17.557297957296285,0,51960.5761,0,0,0,2.8476009367922234e-09,46502.3025,0,27791.1588,0.0,3.4401987423375,3.4401987423375
307,307,40,0,0.555,0,1,1,0,0,0,1,1,0,0,17.684874465166065,0,41138.4191,0,0,0,3.0589560408638562e-09,36997.0986,0,23523.7644,0.0,2.6979398053875,2.6979398053875
308,308,40,0,0.555,0,1,1,0,0,0,1,0,1,1,17.57938604775508,0,58355.9807,0,0,0,6.757189468383178e-10,52144.2447,0,31983.6859,0.0,3.7896818191500015,3.7896818191500015
309,309,40,0,0.555,0,1,1,0,0,0,1,0,1,0,17.69373201066589,0,47533.8237,0,0,0,0.0,42639.0408,0,27716.2915,0.0,3.0966227788875007,3.0966227788875007
310,310,40,0,0.555,0,1,1,0,0,0,1,0,0,1,17.725980192468935,0,47966.0478,0,0,0,3.923028090118623e-10,43601.0238,0,26804.5178,0.0,3.1548292040124997,3.1548292040124997
311,311,40,0,0.555,0,1,1,0,0,0,1,0,0,0,17.913020606740687,0,37143.8908,0,0,0,0.0,34095.8199,0,22537.1234,0.0,2.461770163749999,2.461770163749999
312,312,40,0,0.555,0,1,1,0,0,0,0,1,1,1,16.730076259663843,0,25206.6182,0,0,0,4.021351226309036e-09,20949.7035,0,10433.2035,0.0,1.605523538775,1.605523538775
313,313,40,0,0.555,0,1,1,0,0,0,0,1,1,0,16.484381317936172,0,14384.4612,0,0,0,0.0,11444.4996,0,6165.8091,0.0,0.871022256775,0.871022256775
314,314,40,0,0.555,0,1,1,0,0,0,0,1,0,1,16.59589777042769,0,14816.6853,0,0,0,0.0,12406.4826,0,5254.0354,0.0,0.9780155776500002,0.9780155776500002
315,315,40,0,0.555,0,1,1,0,0,0,0,1,0,0,15.323873345841191,0,3994.5283,0,0,0,0.0,2901.2787,0,986.641,0.0,0.24987446106250005,0.24987446106250005
316,316,40,0,0.555,0,1,1,0,0,0,0,0,1,1,16.97552913549345,0,21212.0899,0,0,0,0.0,18048.4248,0,9446.5625,0.0,1.3463810934000002,1.3463810934000002
317,317,40,0,0.555,0,1,1,0,0,0,0,0,1,0,16.885063927998335,0,10389.9329,0,0,0,5.7947863892513054e-09,8543.2209,0,5179.1681,0.0,0.6262374380125,0.6262374380125
318,318,40,0,0.555,0,1,1,0,0,0,0,0,0,1,17.035396383291825,0,10822.157,0,0,0,2.528463037042639e-09,9505.2039,0,4267.3944,0.0,0.7303537420250003,0.7303537420250003
319,319,40,0,0.555,0,1,1,0,0,0,0,0,0,0,40.0,0,0,0,0,0,0.0,0,0,0,0.0,0.0,0.0
320,320,40,0,0.555,0,1,0,1,1,1,1,1,1,1,48.64928354698579,0,-2315.1747,0,0,0,0.0,370429.8387,0,409789.4249,0.0,11.010613728987503,11.010613728987503
321,321,40,0,0.555,0,1,0,1,1,1,1,1,1,0,48.39736639199112,0,-849.0797,0,0,0,7.785913875491359e-11,280963.1966,0,321610.3121,0.0,8.313315970725,8.313315970725
322,322,40,0,0.555,0,1,0,1,1,1,1,1,0,1,49.6796028639674,0,-5738.0613,0,0,0,0.0,359492.4409,0,392234.6088,0.0,10.407044082437501,10.407044082437501
323,323,40,0,0.555,0,1,0,1,1,1,1,1,0,0,49.70669217398934,0,-4271.9664,0,0,0,3.6206757569396134e-10,270025.7988,0,304055.496,0.0,7.723095341425001,7.723095341425001
324,324,40,0,0.555,0,1,0,1,1,1,1,0,1,1,49.03596641519261,0,-2934.0574,0,0,0,0.0,289892.6331,0,315940.1564,0.0,8.355697422775,8.355697422775
325,325,40,0,0.555,0,1,0,1,1,1,1,0,1,0,48.785959896568684,0,-1592.6617,0,0,0,5.2397824469437876e-11,200425.991,0,227761.0436,0.0,5.7257420093875,5.7257420093875
326,326,40,0,0.555,0,1,0,1,1,1,1,0,0,1,50.42521909391934,0,-6356.944,0,0,0,4.2829244733862075e-10,278955.2353,0,298385.3402,0.0,7.7521277762250005,7.7521277762250005
327,327,40,0,0.555,0,1,0,1,1,1,1,0,0,0,50.7289641300348,0,-4994.6744,0,0,0,0.0,189488.5932,0,210206.2274,0.0,5.1355213800875,5.1355213800875
328,328,40,0,0.555,0,1,0,1,1,1,0,1,1,1,48.63201004782689,0,-1876.3701,0,0,0,0.0,323816.585,0,355953.9894,0.0,9.832771420225003,9.832771420225003
329,329,40,0,0.555,0,1,0,1,1,1,0,1,1,0,48.327707314455765,0,-648.0702,0,0,0,0.0,234349.9428,0,267774.8766,0.0,7.112188602274999,7.112188602274999
330,330,40,0,0.555,0,1,0,1,1,1,0,1,0,1,49.83989323694342,0,-5314.6545,0,0,0,0.0,312879.1872,0,338399.1732,0.0,9.216846052874999,9.216846052874999
331,331,40,0,0.555,0,1,0,1,1,1,0,1,0,0,49.941657871234845,0,-4070.9569,0,0,0,0.0,223412.5451,0,250220.0605,0.0,6.508618955725002,6.508618955725002
332,332,40,0,0.555,0,1,0,1,1,1,0,0,1,1,49.18740275716092,0,-2566.1158,0,0,0,1.2564214570754407e-10,243279.3793,0,262104.7208,0.0,6.968312977012499,6.968312977012499
333,333,40,0,0.555,0,1,0,1,1,1,0,0,1,0,48.930404592070644,0,-1381.4155,0,0,0,0.0,153812.7372,0,173925.608,0.0,4.361892727125,4.361892727125
334,334,40,0,0.555,0,1,0,1,1,1,0,0,0,1,50.860284330145305,0,-6151.1395,0,0,0,0.0,232341.9815,0,244549.9047,0.0,6.500658967662501,6.500658967662501
335,335,40,0,0.555,0,1,0,1,1,1,0,0,0,0,51.65532289506629,0,-4783.6814,0,0,0,7.862127167475767e-10,142875.3394,0,156370.7919,0.0,3.771672097825001,3.771672097825001
336,336,40,0,0.555,0,1,0,1,1,0,1,1,1,1,47.58985689764456,0,1395.166,0,0,0,0.0,326680.2373,0,361331.862,0.0,9.925421629125003,9.925421629125003
337,337,40,0,0.555,0,1,0,1,1,0,1,1,1,0,46.94846221911735,0,2700.648,0,0,0,2.863046079225954e-10,237213.5952,0,273152.7492,0.0,7.262468605175003,7.262468605175003
338,338,40,0,0.555,0,1,0,1,1,0,1,1,0,1,48.66418176101856,0,-2027.7207,0,0,0,7.501147995782334e-11,315742.8395,0,343777.0459,0.0,9.321851982575001,9.321851982575001
339,339,40,0,0.555,0,1,0,1,1,0,1,1,0,0,48.3221135397189,0,-701.3647,0,0,0,6.093656239252445e-11,226276.1974,0,255597.9331,0.0,6.672247975875001,6.672247975875001
340,340,40,0,0.555,0,1,0,1,1,0,1,0,1,1,47.7341417119773,0,776.2833,0,0,0,5.549034353805596e-10,246143.0317,0,267482.5935,0.0,7.119089795100001,7.119089795100001
341,341,40,0,0.555,0,1,0,1,1,0,1,0,1,0,46.84611971753207,0,2060.8166,0,0,0,0.0,156676.3895,0,179303.4807,0.0,4.472015950150001,4.472015950150001
342,342,40,0,0.555,0,1,0,1,1,0,1,0,0,1,49.217933209037604,0,-2808.2957,0,0,0,9.995466223203311e-11,235205.6339,0,249927.7773,0.0,6.5288691658,6.5288691658
343,343,40,0,0.555,0,1,0,1,1,0,1,0,0,0,48.958867562880535,0,-1312.6372,0,0,0,2.2278838831517033e-10,145738.9917,0,161748.6646,0.0,3.9120492218500003,3.9120492218500003
344,344,40,0,0.555,0,1,0,1,1,0,0,1,1,1,47.44933258657757,0,1785.0347,0,0,0,1.5455638330185402e-10,280066.9835,0,307496.4265,0.0,8.5380371833625,8.5380371833625
345,345,40,0,0.555,0,1,0,1,1,0,0,1,1,0,46.588895791764024,0,3062.3194,0,0,0,6.131783658315842e-10,190600.3414,0,219317.3137,0.0,5.8986193229124995,5.8986193229124995
346,346,40,0,0.555,0,1,0,1,1,0,0,1,0,1,48.727461300470445,0,-1653.2497,0,0,0,3.410889990585916e-10,269129.5857,0,289941.6103,0.0,7.934467536812501,7.934467536812501
347,347,40,0,0.555,0,1,0,1,1,0,0,1,0,0,48.314010347526185,0,-360.5673,0,0,0,6.745628162655832e-10,179662.9436,0,201762.4976,0.0,5.3083986936125,5.3083986936125
348,348,40,0,0.555,0,1,0,1,1,0,0,0,1,1,47.4966918889437,0,980.6366,0,0,0,0.0,199529.7779,0,213647.1579,0.0,5.88312087715,5.88312087715
349,349,40,0,0.555,0,1,0,1,1,0,0,0,1,0,46.1347763153328,0,2297.8924,0,0,0,0.0,110063.1358,0,125468.0451,0.0,3.1658041509499997,3.1658041509499997
350,350,40,0,0.555,0,1,0,1,1,0,0,0,0,1,49.38879456351767,0,-2442.5033,0,0,0,5.14288308339926e-10,188592.3801,0,196092.3418,0.0,5.279551230599999,5.279551230599999
351,351,40,0,0.555,0,1,0,1,1,0,0,0,0,0,49.21430234444134,0,-1075.8147,0,0,0,0.0,99125.738,0,107913.229,0.0,2.60583742265,2.60583742265
352,352,40,0,0.555,0,1,0,1,0,1,1,1,1,1,48.43677506247057,0,-1115.6898,0,0,0,5.125489675537835e-10,271304.1007,0,301876.1959,0.0,8.429147653187497,8.429147653187497
353,353,40,0,0.555,0,1,0,1,0,1,1,1,1,0,47.97200823575609,0,263.6555,0,0,0,4.3939867138958477e-10,181837.4586,0,213697.0831,0.0,5.7310624983875,5.7310624983875
354,354,40,0,0.555,0,1,0,1,0,1,1,1,0,1,49.851411966716945,0,-4553.9742,0,0,0,5.442300656872601e-10,260366.7029,0,284321.3798,0.0,7.813222285837501,7.813222285837501
355,355,40,0,0.555,0,1,0,1,0,1,1,1,0,0,49.908437624324556,0,-3174.6289,0,0,0,9.239745127963354e-10,170900.0608,0,196142.267,0.0,5.2410699443875,5.2410699443875
356,356,40,0,0.555,0,1,0,1,0,1,1,0,1,1,48.964912400907835,0,-1810.4838,0,0,0,0.0,190766.8951,0,208026.9273,0.0,5.712960567975,5.712960567975
357,357,40,0,0.555,0,1,0,1,0,1,1,0,1,0,48.536608830330444,0,-488.4634,0,0,0,0.0,101300.253,0,119847.8146,0.0,3.0049172771125003,3.0049172771125003
358,358,40,0,0.555,0,1,0,1,0,1,1,0,0,1,51.16532140591537,0,-5248.7682,0,0,0,0.0,179829.4973,0,190472.1112,0.0,5.097035200624999,5.097035200624999
359,359,40,0,0.555,0,1,0,1,0,1,1,0,0,0,52.50698125308642,0,-3981.7696,0,0,0,0.0,90362.8552,0,102292.9984,0.0,2.472576545625,2.472576545625
360,360,40,0,0.555,0,1,0,1,0,1,0,1,1,1,48.39064919469972,0,-753.586,0,0,0,0.0,224690.847,0,248040.7604,0.0,7.1727677893,7.1727677893
361,361,40,0,0.555,0,1,0,1,0,1,0,1,1,0,47.69552659449348,0,562.8471,0,0,0,0.0,135224.2049,0,159861.6476,0.0,4.543862542287501,4.543862542287501
362,362,40,0,0.555,0,1,0,1,0,1,0,1,0,1,50.16696977231384,0,-4203.0361,0,0,0,5.353686807503703e-10,213753.4492,0,230485.9442,0.0,6.545443864325002,6.545443864325002
363,363,40,0,0.555,0,1,0,1,0,1,0,1,0,0,50.50681560123479,0,-2886.6031,0,0,0,0.0,124286.8071,0,142306.8315,0.0,3.9165386173125003,3.9165386173125003
364,364,40,0,0.555,0,1,0,1,0,1,0,0,1,1,49.113267982306425,0,-1418.2202,0,0,0,6.771358060005699e-10,144153.6414,0,154191.4918,0.0,4.40395661465,4.40395661465
365,365,40,0,0.555,0,1,0,1,0,1,0,0,1,0,48.38773747819661,0,-141.3101,0,0,0,1.587718884686914e-09,54686.9992,0,66012.379,0.0,1.7750513676374995,1.7750513676374995
366,366,40,0,0.555,0,1,0,1,0,1,0,0,0,1,52.27183118966096,0,-4938.4447,0,0,0,4.743491558653319e-10,133216.2436,0,136636.6757,0.0,3.854817523800001,3.854817523800001
367,367,40,0,0.555,0,1,0,1,0,1,0,0,0,0,58.054443812819,0,-3624.0038,0,0,0,1.0046547235146867e-09,43749.6014,0,48457.5629,0.0,1.1993643165999999,1.1993643165999999
368,368,40,0,0.555,0,1,0,1,0,0,1,1,1,1,46.93114813297317,0,2545.715,0,0,0,7.34374597905138e-11,227554.4993,0,253418.633,0.0,7.311480652399999,7.311480652399999
369,369,40,0,0.555,0,1,0,1,0,0,1,1,1,0,45.62560632318948,0,3925.0603,0,0,0,0.0,138087.8572,0,165239.5202,0.0,4.5416438729,4.5416438729
370,370,40,0,0.555,0,1,0,1,0,0,1,1,0,1,48.42957779996505,0,-892.5694,0,0,0,0.0,216617.1015,0,235863.8169,0.0,6.69555528505,6.69555528505
371,371,40,0,0.555,0,1,0,1,0,0,1,1,0,0,47.722704399930834,0,417.8732,0,0,0,0.0,127150.4594,0,147684.7041,0.0,4.042300751975,4.042300751975
372,372,40,0,0.555,0,1,0,1,0,0,1,0,1,1,46.792463773550104,0,1850.921,0,0,0,1.1581602046072419e-09,147017.2937,0,159569.3645,0.0,4.501994773262501,4.501994773262501
373,373,40,0,0.555,0,1,0,1,0,0,1,0,1,0,43.67901002451975,0,3193.8226,0,0,0,0.0,57550.6516,0,71390.2517,0.0,1.8661785275000005,1.8661785275000005
374,374,40,0,0.555,0,1,0,1,0,0,1,0,0,1,49.240851651585686,0,-1587.3634,0,0,0,0.0,136079.8959,0,142014.5483,0.0,3.8984251267124996,3.8984251267124996
375,375,40,0,0.555,0,1,0,1,0,0,1,0,0,0,48.47514855892294,0,-235.6749,0,0,0,3.0448822752356413e-09,46613.2538,0,53835.4355,0.0,1.3062117992000002,1.3062117992000002
376,376,40,0,0.555,0,1,0,1,0,0,0,1,1,1,46.47719020827054,0,2872.1222,0,0,0,4.1296644214651884e-10,180941.2456,0,199583.1975,0.0,6.025040346637501,6.025040346637501
377,377,40,0,0.555,0,1,0,1,0,0,0,1,1,0,44.15186470214526,0,4188.5553,0,0,0,0.0,91474.6034,0,111404.0847,0.0,3.3321124525625008,3.3321124525625008
378,378,40,0,0.555,0,1,0,1,0,0,0,1,0,1,48.39040529606698,0,-577.3279,0,0,0,1.47549147688298e-10,170003.8478,0,182028.3813,0.0,5.3977164216624995,5.3977164216624995
379,379,40,0,0.555,0,1,0,1,0,0,0,1,0,0,47.25992854865575,0,739.1051,0,0,0,0.0,80537.2056,0,93849.2686,0.0,2.7161870852125,2.7161870852125
380,380,40,0,0.555,0,1,0,1,0,0,0,0,1,1,45.84626895693115,0,2181.057,0,0,0,2.2249216202144824e-10,100404.0399,0,105733.9289,0.0,3.2562291719875005,3.2562291719875005
381,381,40,0,0.555,0,1,0,1,0,0,0,0,1,0,31.973639414005007,0,3467.6953,0,0,0,4.849743879777491e-10,10937.3978,0,17554.8161,0.0,0.5599667283000003,0.5599667283000003
382,382,40,0,0.555,0,1,0,1,0,0,0,0,0,1,49.64378272411495,0,-1276.9101,0,0,0,0.0,89466.6421,0,88179.1128,0.0,2.6289052470125,2.6289052470125
383,383,40,0,0.555,0,1,0,1,0,0,0,0,0,0,40.0,0,0,0,0,0,0.0,0,0,0,0.0,0.0,0.0
