,ID,E_Brent,PP,BR,AR,WO,NW,opt_C,opt_I,VPN_Basica_porta,VPN_incremental_porta,VPN_Basica,VPN_incremental,VPN_Total,EFI_INCREMENTAL,capex,opex_basica,opex_incremental,volumen_B_LE,volumen_I_LE,volumen_T_LE,volumen_B_LE_p,volumen_I_LE_p,volumen_T_LE_p,LE_year_p,LE_year_b,lc_p,lc_b,dc_p,dc_b,opex_ing_p,capex_ing_p,impuesto_ing_p,ingreso_ing_p,abandono_ing_p,opex_ing_b,capex_ing_b,impuesto_ing_b,ingreso_ing_b,abandono_ing_b
0,0,20,1,0,1,1,0,1,1,0,91646.1024,0,-17271.3851,-17271.3851,0.0,94775.9959,0,79089.0532,0.0,10.053055126157425,10.053055126157425,0.0,10.990810606069012,10.990810606069012,2052.0,2040.0,4.8522,3.1493,7.9333,8.6734,15208.4771,73216.548,51997.5377,232068.6653,0,13122.9674,73216.548,4636.5388,73704.6691,0
1,1,25,1,0,1,1,0,1,1,0,91646.1024,0,903.1354,903.1354,0.18169058382034736,94775.9959,0,79089.0532,0.0,10.394784170360012,10.394784170360012,0.0,10.990810606069012,10.990810606069012,2052.0,2043.0,4.8522,3.5674,7.9333,8.3882,15208.4771,73216.548,51997.5377,232068.6653,0,13884.626,73216.548,12399.7041,100404.0135,0
2,2,30,1,0,1,1,0,1,1,0,91646.1024,0,19084.3716,19084.3716,0.5382119556358095,94775.9959,0,79089.0532,0.0,10.571786068462991,10.571786068462991,0.0,10.990810606069012,10.990810606069012,2052.0,2045.0,4.8522,3.8497,7.9333,8.2478,15208.4771,73216.548,51997.5377,232068.6653,0,14284.108,73216.548,20321.8931,126906.9208,0
3,3,35,1,0,1,1,0,1,1,0,91646.1024,0,37288.1183,37288.1183,0.8958746905473172,94775.9959,0,79089.0532,0.0,10.718288205163232,10.718288205163232,0.0,10.990810606069012,10.990810606069012,2052.0,2047.0,4.8522,4.1337,7.9333,8.1351,15208.4771,73216.548,51997.5377,232068.6653,0,14613.5679,73216.548,28305.1389,153423.3732,0
4,4,40,1,0,1,1,0,1,1,0,91646.1024,0,55530.8681,55530.8681,1.2542276614197994,94775.9959,0,79089.0532,0.0,10.841137889491446,10.841137889491446,0.0,10.990810606069012,10.990810606069012,2052.0,2049.0,4.8522,4.42,7.9333,8.0429,15208.4771,73216.548,51997.5377,232068.6653,0,14886.098,73216.548,36299.9186,179933.4327,0
5,5,45,1,0,1,1,0,1,1,0,91646.1024,0,73871.9632,73871.9632,1.6130178171703893,94775.9959,0,79089.0532,0.0,10.895093763456863,10.895093763456863,0.0,10.990810606069012,10.990810606069012,2052.0,2050.0,4.8522,4.5635,7.9333,8.003,15208.4771,73216.548,51997.5377,232068.6653,0,15003.8688,73216.548,44228.3623,206320.7424,0
6,6,50,1,0,1,1,0,1,1,0,91646.1024,0,92169.9604,92169.9604,1.9721279103669034,94775.9959,0,79089.0532,0.0,10.990810606069012,10.990810606069012,0.0,10.990810606069012,10.990810606069012,2052.0,2052.0,4.8522,4.8522,7.9333,7.9333,15208.4771,73216.548,51997.5377,232068.6653,0,15208.4771,73216.548,52223.3288,232818.3143,0
7,7,55,1,0,1,1,0,1,1,0,91646.1024,0,110541.3087,110541.3087,2.3314320400682518,94775.9959,0,79089.0532,0.0,11.033246545702674,11.033246545702674,0.0,10.990810606069012,10.990810606069012,2052.0,2053.0,4.8522,4.9968,7.9333,7.9028,15208.4771,73216.548,51997.5377,232068.6653,0,15296.9157,73216.548,60159.151,259213.9234,0
8,8,60,1,0,1,1,0,1,1,0,91646.1024,0,128877.1765,128877.1765,2.690895191088757,94775.9959,0,79089.0532,0.0,11.109056711993038,11.109056711993038,0.0,10.990810606069012,10.990810606069012,2052.0,2055.0,4.8522,5.287,7.9333,7.8489,15208.4771,73216.548,51997.5377,232068.6653,0,15450.3743,73216.548,68142.0967,285686.1956,0
9,9,20,1,0,1,1,0,1,0,0,78640.5356,0,-12469.1961,-12469.1961,0.0,75590.342,0,71702.6502,0.0,8.317658917585101,8.317658917585101,0.0,9.17754997349615,9.17754997349615,2051.0,2039.0,5.0578,3.2298,7.5775,8.3609,13590.5392,58376.5064,43786.6779,194394.259,0,11519.9486,58376.5064,4084.405,61511.6639,0
10,10,25,1,0,1,1,0,1,0,0,78640.5356,0,2688.0797,2688.0797,0.22785040806526105,75590.342,0,71702.6502,0.0,8.635028382027118,8.635028382027118,0.0,9.17754997349615,9.17754997349615,2051.0,2042.0,5.0578,3.6782,7.5775,8.0536,13590.5392,58376.5064,43786.6779,194394.259,0,12276.8201,58376.5064,10613.1436,83954.5498,0
11,11,30,1,0,1,1,0,1,0,0,78640.5356,0,17892.5865,17892.5865,0.6019808956747044,75590.342,0,71702.6502,0.0,8.797628160650142,8.797628160650142,0.0,9.17754997349615,9.17754997349615,2051.0,2044.0,5.0578,3.9811,7.5775,7.9048,13590.5392,58376.5064,43786.6779,194394.259,0,12673.3139,58376.5064,17249.2523,106191.659,0
12,12,35,1,0,1,1,0,1,0,0,78640.5356,0,33124.587,33124.587,0.977495795925584,75590.342,0,71702.6502,0.0,8.931331768268242,8.931331768268242,0.0,9.17754997349615,9.17754997349615,2051.0,2046.0,5.0578,4.2861,7.5775,7.7864,13590.5392,58376.5064,43786.6779,194394.259,0,13000.3411,58376.5064,23938.685,128440.1196,0
13,13,40,1,0,1,1,0,1,0,0,78640.5356,0,48396.5226,48396.5226,1.3538381382739602,75590.342,0,71702.6502,0.0,9.042766979407734,9.042766979407734,0.0,9.17754997349615,9.17754997349615,2051.0,2048.0,5.0578,4.5936,7.5775,7.6905,13590.5392,58376.5064,43786.6779,194394.259,0,13270.8176,58376.5064,30636.4864,150680.333,0
14,14,45,1,0,1,1,0,1,0,0,78640.5356,0,63755.9746,63755.9746,1.730704705485413,75590.342,0,71702.6502,0.0,9.091511965291183,9.091511965291183,0.0,9.17754997349615,9.17754997349615,2051.0,2049.0,5.0578,4.7479,7.5775,7.6492,13590.5392,58376.5064,43786.6779,194394.259,0,13387.7148,58376.5064,37277.374,172797.5698,0
15,15,50,1,0,1,1,0,1,0,0,78640.5356,0,79079.9694,79079.9694,2.1079578711301696,75590.342,0,71702.6502,0.0,9.17754997349615,9.17754997349615,0.0,9.17754997349615,9.17754997349615,2051.0,2051.0,5.0578,5.0578,7.5775,7.5775,13590.5392,58376.5064,43786.6779,194394.259,0,13590.5392,58376.5064,43976.2872,195023.3022,0
16,16,55,1,0,1,1,0,1,0,0,78640.5356,0,94468.4922,94468.4922,2.485450922960883,75590.342,0,71702.6502,0.0,9.215712330025177,9.215712330025177,0.0,9.17754997349615,9.17754997349615,2051.0,2052.0,5.0578,5.2138,7.5775,7.5461,13590.5392,58376.5064,43786.6779,194394.259,0,13678.561,58376.5064,50624.6764,217148.236,0
17,17,60,1,0,1,1,0,1,0,0,78640.5356,0,109827.2937,109827.2937,2.8631255133096767,75590.342,0,71702.6502,0.0,9.283481829916788,9.283481829916788,0.0,9.17754997349615,9.17754997349615,2051.0,2054.0,5.0578,5.5259,7.5775,7.4911,13590.5392,58376.5064,43786.6779,194394.259,0,13830.8787,58376.5064,57313.3844,239348.0632,0
18,18,20,1,0,1,1,0,0,1,0,12994.9866,0,-4738.5457,-4738.5457,0.0,19185.6538,0,11575.3781,0.0,1.7041570014013665,1.7041570014013665,0.0,1.822378549227274,1.822378549227274,2061.0,2045.0,3.6999,2.3737,9.6856,10.3575,1581.7751,14840.0416,8244.5008,37661.3041,0,1439.4694,14840.0416,538.8138,12079.7791,0
19,19,25,1,0,1,1,0,0,1,0,12994.9866,0,-1741.9949,-1741.9949,0.0030173878317197155,19185.6538,0,11575.3781,0.0,1.739679806135697,1.739679806135697,0.0,1.822378549227274,1.822378549227274,2061.0,2048.0,3.6999,2.63,9.6856,10.146,1581.7751,14840.0416,8244.5008,37661.3041,0,1485.7058,14840.0416,1786.7729,16370.5255,0
20,20,30,1,0,1,1,0,0,1,0,12994.9866,0,1209.7751,1209.7751,0.28979233059216236,19185.6538,0,11575.3781,0.0,1.7672507555824883,1.7672507555824883,0.0,1.822378549227274,1.822378549227274,2061.0,2051.0,3.6999,2.8883,9.6856,9.9877,1581.7751,14840.0416,8244.5008,37661.3041,0,1520.3743,14840.0416,3090.7431,20660.9341,0
21,21,35,1,0,1,1,0,0,1,0,12994.9866,0,4165.0627,4165.0627,0.5769389196868905,19185.6538,0,11575.3781,0.0,1.7890827169550425,1.7890827169550425,0.0,1.822378549227274,1.822378549227274,2061.0,2054.0,3.6999,3.1488,9.6856,9.8658,1581.7751,14840.0416,8244.5008,37661.3041,0,1546.4248,14840.0416,4396.7109,24948.24,0
22,22,40,1,0,1,1,0,0,1,0,12994.9866,0,7134.6941,7134.6941,0.8642934930721103,19185.6538,0,11575.3781,0.0,1.8011880857245903,1.8011880857245903,0.0,1.822378549227274,1.822378549227274,2061.0,2056.0,3.6999,3.3234,9.6856,9.7995,1581.7751,14840.0416,8244.5008,37661.3041,0,1560.0805,14840.0416,5691.4213,29226.2375,0
23,23,45,1,0,1,1,0,0,1,0,12994.9866,0,10106.8978,10106.8978,1.1517777803510738,19185.6538,0,11575.3781,0.0,1.811704231946554,1.811704231946554,0.0,1.822378549227274,1.822378549227274,2061.0,2058.0,3.6999,3.4984,9.6856,9.7427,1581.7751,14840.0416,8244.5008,37661.3041,0,1571.3475,14840.0416,6985.4844,33503.7714,0
24,24,50,1,0,1,1,0,0,1,0,12994.9866,0,13079.4107,13079.4107,1.439359384773532,19185.6538,0,11575.3781,0.0,1.822378549227274,1.822378549227274,0.0,1.822378549227274,1.822378549227274,2061.0,2061.0,3.6999,3.6999,9.6856,9.6856,1581.7751,14840.0416,8244.5008,37661.3041,0,1581.7751,14840.0416,8280.6826,37781.91,0
25,25,55,1,0,1,1,0,0,1,0,12994.9866,0,16067.819,16067.819,1.7269724446163564,19185.6538,0,11575.3781,0.0,1.822378549227274,1.822378549227274,0.0,1.822378549227274,1.822378549227274,2061.0,2061.0,3.6999,3.6999,9.6856,9.6856,1581.7751,14840.0416,8244.5008,37661.3041,0,1581.7751,14840.0416,9560.4521,42050.0878,0
26,26,60,1,0,1,1,0,0,1,0,12994.9866,0,19054.4111,19054.4111,2.01458951203044,19185.6538,0,11575.3781,0.0,1.8233218461541612,1.8233218461541612,0.0,1.822378549227274,1.822378549227274,2061.0,2062.0,3.6999,3.7222,9.6856,9.6806,1581.7751,14840.0416,8244.5008,37661.3041,0,1582.6958,14840.0416,10842.0973,46319.2458,0
27,27,20,1,0,1,1,0,0,0,0,0,0,0,0,0.0,0,0,4188.9751,0.0,0.0,0.0,0.0,0.0,0.0,2021.0,2021.0,0,0,0,0,0,0,0,0,0,0,0,0,0,0
28,28,25,1,0,1,1,0,0,0,0,0,0,0,0,0.0,0,0,4188.9751,0.0,0.0,0.0,0.0,0.0,0.0,2021.0,2021.0,0,0,0,0,0,0,0,0,0,0,0,0,0,0
29,29,30,1,0,1,1,0,0,0,0,0,0,0,0,0.0,0,0,4188.9751,0.0,0.0,0.0,0.0,0.0,0.0,2021.0,2021.0,0,0,0,0,0,0,0,0,0,0,0,0,0,0
30,30,35,1,0,1,1,0,0,0,0,0,0,0,0,0.0,0,0,4188.9751,0.0,0.0,0.0,0.0,0.0,0.0,2021.0,2021.0,0,0,0,0,0,0,0,0,0,0,0,0,0,0
31,31,40,1,0,1,1,0,0,0,0,0,0,0,0,0.0,0,0,4188.9751,0.0,0.0,0.0,0.0,0.0,0.0,2021.0,2021.0,0,0,0,0,0,0,0,0,0,0,0,0,0,0
32,32,45,1,0,1,1,0,0,0,0,0,0,0,0,0.0,0,0,4188.9751,0.0,0.0,0.0,0.0,0.0,0.0,2021.0,2021.0,0,0,0,0,0,0,0,0,0,0,0,0,0,0
33,33,50,1,0,1,1,0,0,0,0,0,0,0,0,0.0,0,0,4188.9751,0.0,0.0,0.0,0.0,0.0,0.0,2021.0,2021.0,0,0,0,0,0,0,0,0,0,0,0,0,0,0
34,34,55,1,0,1,1,0,0,0,0,0,0,0,0,0.0,0,0,4188.9751,0.0,0.0,0.0,0.0,0.0,0.0,2021.0,2021.0,0,0,0,0,0,0,0,0,0,0,0,0,0,0
35,35,60,1,0,1,1,0,0,0,0,0,0,0,0,0.0,0,0,4188.9751,0.0,0.0,0.0,0.0,0.0,0.0,2021.0,2021.0,0,0,0,0,0,0,0,0,0,0,0,0,0,0
36,36,20,1,0,1,0,1,1,1,0,-53875.116,0,-192766.9,-192766.9,0.0,307102.9882,0,626053.7114,0.0,6.948151868500001,6.948151868500001,0.0,12.968751499933337,12.968751499933337,2041.0,2030.0,15.3001,9.3651,21.7858,40.6633,70726.9721,193336.2352,14492.7725,229871.7697,5190.9059,36061.5365,193336.2352,0,51441.1321,14810.2604
37,37,25,1,0,1,0,1,1,1,0,-53875.116,0,-168616.5943,-168616.5943,0.0,307102.9882,0,626053.7114,0.0,9.374718967933335,9.374718967933335,0.0,12.968751499933337,12.968751499933337,2041.0,2033.0,15.3001,10.8436,21.7858,30.1379,70726.9721,193336.2352,14492.7725,229871.7697,5190.9059,49391.6536,193336.2352,25.8059,85264.2683,11127.1678
38,38,30,1,0,1,0,1,1,1,0,-53875.116,0,-144203.6388,-144203.6388,0.0,307102.9882,0,626053.7114,0.0,10.580506249933336,10.580506249933336,0.0,12.968751499933337,12.968751499933337,2041.0,2035.0,15.3001,11.909,21.7858,26.7033,70726.9721,193336.2352,14492.7725,229871.7697,5190.9059,56368.8286,193336.2352,433.8519,115131.2835,9196.0065
39,39,35,1,0,1,0,1,1,1,0,-53875.116,0,-119588.9735,-119588.9735,0.0,307102.9882,0,626053.7114,0.0,11.55233844886667,11.55233844886667,0.0,12.968751499933337,12.968751499933337,2041.0,2037.0,15.3001,13.011,21.7858,24.4569,70726.9721,193336.2352,14492.7725,229871.7697,5190.9059,62124.9707,193336.2352,1600.016,145072.2538,7600.0053
40,40,40,1,0,1,0,1,1,1,0,-53875.116,0,-96081.4533,-96081.4533,0.0,307102.9882,0,626053.7114,0.0,11.961478568033337,11.961478568033337,0.0,12.968751499933337,12.968751499933337,2041.0,2038.0,15.3001,13.5756,21.7858,23.6204,70726.9721,193336.2352,14492.7725,229871.7697,5190.9059,64601.1967,193336.2352,3741.5382,172506.6126,6909.0958
41,41,45,1,0,1,0,1,1,1,0,-53875.116,0,-73552.5828,-73552.5828,0.0,307102.9882,0,626053.7114,0.0,12.663995090600004,12.663995090600004,0.0,12.968751499933337,12.968751499933337,2041.0,2040.0,15.3001,14.7204,21.7858,22.3101,70726.9721,193336.2352,14492.7725,229871.7697,5190.9059,68877.7852,193336.2352,7836.2769,202207.7111,5709.9965
42,42,50,1,0,1,0,1,1,1,0,-53875.116,0,-53875.116,-53875.116,0.0,307102.9882,0,626053.7114,0.0,12.968751499933337,12.968751499933337,0.0,12.968751499933337,12.968751499933337,2041.0,2041.0,15.3001,15.3001,21.7858,21.7858,70726.9721,193336.2352,14492.7725,229871.7697,5190.9059,70726.9721,193336.2352,14492.7725,229871.7697,5190.9059
43,43,55,1,0,1,0,1,1,1,0,-53875.116,0,-34894.8231,-34894.8231,0.0,307102.9882,0,626053.7114,0.0,13.24656163826667,13.24656163826667,0.0,12.968751499933337,12.968751499933337,2041.0,2042.0,15.3001,15.8835,21.7858,21.3289,70726.9721,193336.2352,14492.7725,229871.7697,5190.9059,72404.5406,193336.2352,22038.347,257603.3051,4719.0054
44,44,60,1,0,1,0,1,1,1,0,-53875.116,0,-16159.2503,-16159.2503,0.07134212993145174,307102.9882,0,626053.7114,0.0,13.496137152933338,13.496137152933338,0.0,12.968751499933337,12.968751499933337,2041.0,2043.0,15.3001,16.4703,21.7858,20.9345,70726.9721,193336.2352,14492.7725,229871.7697,5190.9059,73917.5313,193336.2352,29952.2523,285336.7734,4290.0049
45,45,20,1,0,1,0,1,1,0,0,-26840.004,0,-95275.3392,-95275.3392,0.0,145004.5882,0,300256.6281,0.0,3.1244689503000003,3.1244689503000003,0.0,5.680331063400001,5.680331063400001,2039.0,2029.0,14.7794,8.665,23.4853,42.6966,32919.5012,94664.8932,6293.894,110638.9591,3600.6747,16000.4222,94664.8932,0,24729.199,9339.2228
46,46,25,1,0,1,0,1,1,0,0,-26840.004,0,-83098.9719,-83098.9719,0.0,145004.5882,0,300256.6281,0.0,4.248527448100001,4.248527448100001,0.0,5.680331063400001,5.680331063400001,2039.0,2032.0,14.7794,10.4072,23.4853,31.4001,32919.5012,94664.8932,6293.894,110638.9591,3600.6747,22870.5717,94664.8932,0,41453.1893,7016.6963
47,47,30,1,0,1,0,1,1,0,0,-26840.004,0,-71677.1828,-71677.1828,0.0,145004.5882,0,300256.6281,0.0,4.532456981766667,4.532456981766667,0.0,5.680331063400001,5.680331063400001,2039.0,2033.0,14.7794,11.014,23.4853,29.4331,32919.5012,94664.8932,6293.894,110638.9591,3600.6747,24754.5829,94664.8932,186.1846,54307.2928,6378.8148
48,48,35,1,0,1,0,1,1,0,0,-26840.004,0,-59351.2701,-59351.2701,0.0,145004.5882,0,300256.6281,0.0,5.0057900281,5.0057900281,0.0,5.680331063400001,5.680331063400001,2039.0,2035.0,14.7794,12.2505,23.4853,26.65,32919.5012,94664.8932,6293.894,110638.9591,3600.6747,28022.19,94664.8932,554.0428,69161.6037,5271.7478
49,49,40,1,0,1,0,1,1,0,0,-26840.004,0,-47854.6623,-47854.6623,0.0,145004.5882,0,300256.6281,0.0,5.2048877939,5.2048877939,0.0,5.680331063400001,5.680331063400001,2039.0,2036.0,14.7794,12.8775,23.4853,25.6306,32919.5012,94664.8932,6293.894,110638.9591,3600.6747,29436.9984,94664.8932,1497.2552,82536.9825,4792.498
50,50,45,1,0,1,0,1,1,0,0,-26840.004,0,-36658.7684,-36658.7684,0.0,145004.5882,0,300256.6281,0.0,5.539746154733334,5.539746154733334,0.0,5.680331063400001,5.680331063400001,2039.0,2038.0,14.7794,14.1434,23.4853,24.0813,32919.5012,94664.8932,6293.894,110638.9591,3600.6747,31875.4943,94664.8932,3351.3371,97193.6983,3960.7422
51,51,50,1,0,1,0,1,1,0,0,-26840.004,0,-26840.004,-26840.004,0.0,145004.5882,0,300256.6281,0.0,5.680331063400001,5.680331063400001,0.0,5.680331063400001,5.680331063400001,2039.0,2039.0,14.7794,14.7794,23.4853,23.4853,32919.5012,94664.8932,6293.894,110638.9591,3600.6747,32919.5012,94664.8932,6293.894,110638.9591,3600.6747
52,52,55,1,0,1,0,1,1,0,0,-26840.004,0,-17505.7067,-17505.7067,0.0,145004.5882,0,300256.6281,0.0,5.808085437400001,5.808085437400001,0.0,5.680331063400001,5.680331063400001,2039.0,2040.0,14.7794,15.4186,23.4853,22.9687,32919.5012,94664.8932,6293.894,110638.9591,3600.6747,33868.5739,94664.8932,9817.7099,124118.8109,3273.3406
53,53,60,1,0,1,0,1,1,0,0,-26840.004,0,-8337.2043,-8337.2043,0.05532502684399089,145004.5882,0,300256.6281,0.0,5.924010873066668,5.924010873066668,0.0,5.680331063400001,5.680331063400001,2039.0,2041.0,14.7794,16.0615,23.4853,22.5192,32919.5012,94664.8932,6293.894,110638.9591,3600.6747,34730.6198,94664.8932,13574.548,137608.6209,2975.7642
54,54,20,1,0,1,0,1,0,1,0,-26761.4127,0,-97498.1482,-97498.1482,0.0,162098.4,0,329986.0584,0.0,3.932914740533333,3.932914740533333,0.0,7.217893938033334,7.217893938033334,2042.0,2031.0,15.1957,9.8574,20.6612,37.9186,36893.5448,98671.342,7794.2935,118611.5328,2013.7652,20141.0564,98671.342,0,27059.7573,5745.5071
55,55,25,1,0,1,0,1,0,1,0,-26761.4127,0,-85369.9473,-85369.9473,0.0,162098.4,0,329986.0584,0.0,5.2274657216666665,5.2274657216666665,0.0,7.217893938033334,7.217893938033334,2042.0,2034.0,15.1957,11.1353,20.6612,28.5283,36893.5448,98671.342,7794.2935,118611.5328,2013.7652,26580.6774,98671.342,0,44198.7567,4316.6845
56,56,30,1,0,1,0,1,0,1,0,-26761.4127,0,-72869.9062,-72869.9062,0.0,162098.4,0,329986.0584,0.0,5.8892991266333325,5.8892991266333325,0.0,7.217893938033334,7.217893938033334,2042.0,2036.0,15.1957,12.0816,20.6612,25.3223,36893.5448,98671.342,7794.2935,118611.5328,2013.7652,29952.2719,98671.342,208.8846,59530.1001,3567.5079
57,57,35,1,0,1,0,1,0,1,0,-26761.4127,0,-60153.1916,-60153.1916,0.0,162098.4,0,329986.0584,0.0,6.4217324133,6.4217324133,0.0,7.217893938033334,7.217893938033334,2042.0,2038.0,15.1957,13.0857,20.6612,23.2228,36893.5448,98671.342,7794.2935,118611.5328,2013.7652,32725.7024,98671.342,701.0297,74893.2361,2948.3536
58,58,40,1,0,1,0,1,0,1,0,-26761.4127,0,-47450.5648,-47450.5648,0.0,162098.4,0,329986.0584,0.0,6.8559096532,6.8559096532,0.0,7.217893938033334,7.217893938033334,2042.0,2040.0,15.1957,14.1289,20.6612,21.7521,36893.5448,98671.342,7794.2935,118611.5328,2013.7652,35009.2114,98671.342,1464.8822,90131.5267,2436.6559
59,59,45,1,0,1,0,1,0,1,0,-26761.4127,0,-36661.8039,-36661.8039,0.0,162098.4,0,329986.0584,0.0,7.044740626866667,7.044740626866667,0.0,7.217893938033334,7.217893938033334,2042.0,2041.0,15.1957,14.6598,20.6612,21.1691,36893.5448,98671.342,7794.2935,118611.5328,2013.7652,35996.3523,98671.342,4115.2284,104336.2605,2215.1417
60,60,50,1,0,1,0,1,0,1,0,-26761.4127,0,-26761.4127,-26761.4127,0.0,162098.4,0,329986.0584,0.0,7.217893938033334,7.217893938033334,0.0,7.217893938033334,7.217893938033334,2042.0,2042.0,15.1957,15.1957,20.6612,20.6612,36893.5448,98671.342,7794.2935,118611.5328,2013.7652,36893.5448,98671.342,7794.2935,118611.5328,2013.7652
61,61,55,1,0,1,0,1,0,1,0,-26761.4127,0,-17106.4929,-17106.4929,0.0,162098.4,0,329986.0584,0.0,7.373517090033334,7.373517090033334,0.0,7.217893938033334,7.217893938033334,2042.0,2043.0,15.1957,15.7362,20.6612,20.2252,36893.5448,98671.342,7794.2935,118611.5328,2013.7652,37702.0231,98671.342,11811.2808,132908.8486,1830.6956
62,62,60,1,0,1,0,1,0,1,0,-26761.4127,0,-7522.8696,-7522.8696,0.08535791149055086,162098.4,0,329986.0584,0.0,7.509005641833334,7.509005641833334,0.0,7.217893938033334,7.217893938033334,2042.0,2044.0,15.1957,16.2833,20.6612,19.8602,36893.5448,98671.342,7794.2935,118611.5328,2013.7652,38424.2385,98671.342,15945.2201,147182.1998,1664.2687
63,63,20,1,0,1,0,1,0,0,0,0,0,0,0,0.0,0,0,4188.9751,0.0,0.0,0.0,0.0,0.0,0.0,2021.0,2021.0,0,0,0,0,0,0,0,0,0,0,0,0,0,0
64,64,25,1,0,1,0,1,0,0,0,0,0,0,0,0.0,0,0,4188.9751,0.0,0.0,0.0,0.0,0.0,0.0,2021.0,2021.0,0,0,0,0,0,0,0,0,0,0,0,0,0,0
65,65,30,1,0,1,0,1,0,0,0,0,0,0,0,0.0,0,0,4188.9751,0.0,0.0,0.0,0.0,0.0,0.0,2021.0,2021.0,0,0,0,0,0,0,0,0,0,0,0,0,0,0
66,66,35,1,0,1,0,1,0,0,0,0,0,0,0,0.0,0,0,4188.9751,0.0,0.0,0.0,0.0,0.0,0.0,2021.0,2021.0,0,0,0,0,0,0,0,0,0,0,0,0,0,0
67,67,40,1,0,1,0,1,0,0,0,0,0,0,0,0.0,0,0,4188.9751,0.0,0.0,0.0,0.0,0.0,0.0,2021.0,2021.0,0,0,0,0,0,0,0,0,0,0,0,0,0,0
68,68,45,1,0,1,0,1,0,0,0,0,0,0,0,0.0,0,0,4188.9751,0.0,0.0,0.0,0.0,0.0,0.0,2021.0,2021.0,0,0,0,0,0,0,0,0,0,0,0,0,0,0
69,69,50,1,0,1,0,1,0,0,0,0,0,0,0,0.0,0,0,4188.9751,0.0,0.0,0.0,0.0,0.0,0.0,2021.0,2021.0,0,0,0,0,0,0,0,0,0,0,0,0,0,0
70,70,55,1,0,1,0,1,0,0,0,0,0,0,0,0.0,0,0,4188.9751,0.0,0.0,0.0,0.0,0.0,0.0,2021.0,2021.0,0,0,0,0,0,0,0,0,0,0,0,0,0,0
71,71,60,1,0,1,0,1,0,0,0,0,0,0,0,0.0,0,0,4188.9751,0.0,0.0,0.0,0.0,0.0,0.0,2021.0,2021.0,0,0,0,0,0,0,0,0,0,0,0,0,0,0
72,72,20,1,0,1,1,1,1,1,0,38849.2651,0,-208635.0752,-208635.0752,0.0,401878.984,0,700953.7895,0.0,16.897705274053845,16.897705274053845,0.0,23.875745806396733,23.875745806396733,2043.0,2032.0,10.8563,6.3025,15.4757,21.8608,87802.1573,266552.7833,64865.4653,462359.6759,4290.0049,54967.7606,266552.7833,2410.6749,127536.0282,12239.8846
73,73,25,1,0,1,1,1,1,1,0,38849.2651,0,-162016.8402,-162016.8402,0.0,401878.984,0,700953.7895,0.0,19.715163479207547,19.715163479207547,0.0,23.875745806396733,23.875745806396733,2043.0,2035.0,10.8563,7.5311,15.4757,18.7391,87802.1573,266552.7833,64865.4653,462359.6759,4290.0049,67614.2148,266552.7833,6055.6249,187401.7893,9196.0065
74,74,30,1,0,1,1,1,1,1,0,38849.2651,0,-116845.1748,-116845.1748,0.0,401878.984,0,700953.7895,0.0,21.11464701552742,21.11464701552742,0.0,23.875745806396733,23.875745806396733,2043.0,2037.0,10.8563,8.3545,15.4757,17.498,87802.1573,266552.7833,64865.4653,462359.6759,4290.0049,74231.3552,266552.7833,11931.482,243470.451,7600.0053
75,75,35,1,0,1,1,1,1,1,0,38849.2651,0,-73205.5183,-73205.5183,0.0,401878.984,0,700953.7895,0.0,22.22627992299813,22.22627992299813,0.0,23.875745806396733,23.875745806396733,2043.0,2039.0,10.8563,9.1833,15.4757,16.6234,87802.1573,266552.7833,64865.4653,462359.6759,4290.0049,79657.2624,266552.7833,20236.3884,299521.9119,6280.9961
76,76,40,1,0,1,1,1,1,1,0,38849.2651,0,-34524.4652,-34524.4652,0.0,401878.984,0,700953.7895,0.0,22.701874699860813,22.701874699860813,0.0,23.875745806396733,23.875745806396733,2043.0,2040.0,10.8563,9.5998,15.4757,16.2754,87802.1573,266552.7833,64865.4653,462359.6759,4290.0049,82000.7527,266552.7833,33505.8683,353244.9354,5709.9965
77,77,45,1,0,1,1,1,1,1,0,38849.2651,0,2407.8783,2407.8783,0.19449509805575427,401878.984,0,700953.7895,0.0,23.52384986957351,23.52384986957351,0.0,23.875745806396733,23.875745806396733,2043.0,2042.0,10.8563,10.437,15.4757,15.7071,87802.1573,266552.7833,64865.4653,462359.6759,4290.0049,86059.1815,266552.7833,49435.3736,409174.2221,4719.0054
78,78,50,1,0,1,1,1,1,1,0,38849.2651,0,39373.123,39373.123,0.391908473887844,401878.984,0,700953.7895,0.0,23.875745806396733,23.875745806396733,0.0,23.875745806396733,23.875745806396733,2043.0,2043.0,10.8563,10.8563,15.4757,15.4757,87802.1573,266552.7833,64865.4653,462359.6759,4290.0049,87802.1573,266552.7833,65091.2564,463109.3249,4290.0049
79,79,55,1,0,1,1,1,1,1,0,38849.2651,0,76231.0981,76231.0981,0.5899334818360877,401878.984,0,700953.7895,0.0,24.190098193371508,24.190098193371508,0.0,23.875745806396733,23.875745806396733,2043.0,2044.0,10.8563,11.2763,15.4757,15.2747,87802.1573,266552.7833,64865.4653,462359.6759,4290.0049,89373.7693,266552.7833,81017.4413,517075.0964,3900.0044
80,80,60,1,0,1,1,1,1,1,0,38849.2651,0,113075.0135,113075.0135,0.7884156724439666,401878.984,0,700953.7895,0.0,24.473259222999708,24.473259222999708,0.0,23.875745806396733,23.875745806396733,2043.0,2045.0,10.8563,11.6971,15.4757,15.0981,87802.1573,266552.7833,64865.4653,462359.6759,4290.0049,90793.8479,266552.7833,97079.5492,571046.6525,3545.4586
81,81,20,1,0,1,1,1,1,0,0,52967.5019,0,-105320.2295,-105320.2295,0.0,220594.9302,0,367770.3032,0.0,11.746352800005305,11.746352800005305,0.0,14.842900268134454,14.842900268134454,2043.0,2033.0,9.4082,5.7002,13.673,17.2775,48699.7836,153041.3996,48906.2642,306074.2586,2459.3093,33918.0541,153041.3996,1821.4654,89839.5043,6378.8148
82,82,25,1,0,1,1,1,1,0,0,52967.5019,0,-74688.0608,-74688.0608,0.0,220594.9302,0,367770.3032,0.0,12.685892884392558,12.685892884392558,0.0,14.842900268134454,14.842900268134454,2043.0,2035.0,9.4082,6.4356,13.673,15.9979,48699.7836,153041.3996,48906.2642,306074.2586,2459.3093,38126.2102,153041.3996,4373.8514,126125.1482,5271.7478
83,83,30,1,0,1,1,1,1,0,0,52967.5019,0,-45654.7374,-45654.7374,0.0,220594.9302,0,367770.3032,0.0,13.419972891361574,13.419972891361574,0.0,14.842900268134454,14.842900268134454,2043.0,2037.0,9.4082,7.176,13.673,15.1228,48699.7836,153041.3996,48906.2642,306074.2586,2459.3093,41598.2137,153041.3996,9417.7426,162759.4349,4356.8164
84,84,35,1,0,1,1,1,1,0,0,52967.5019,0,-19852.0547,-19852.0547,0.0,220594.9302,0,367770.3032,0.0,13.9979899809851,13.9979899809851,0.0,14.842900268134454,14.842900268134454,2043.0,2039.0,9.4082,7.9166,13.673,14.4983,48699.7836,153041.3996,48906.2642,306074.2586,2459.3093,44439.4498,153041.3996,18128.6093,199358.0786,3600.6747
85,85,40,1,0,1,1,1,1,0,0,52967.5019,0,4826.5815,4826.5815,0.2140289058515053,220594.9302,0,367770.3032,0.0,14.243451479964593,14.243451479964593,0.0,14.842900268134454,14.842900268134454,2043.0,2040.0,9.4082,8.2882,13.673,14.2485,48699.7836,153041.3996,48906.2642,306074.2586,2459.3093,45665.8302,153041.3996,27928.6162,234735.7682,3273.3406
86,86,45,1,0,1,1,1,1,0,0,52967.5019,0,29208.1821,29208.1821,0.4405847369248417,220594.9302,0,367770.3032,0.0,14.464521131701572,14.464521131701572,0.0,14.842900268134454,14.842900268134454,2043.0,2041.0,9.4082,8.6612,13.673,14.0307,48699.7836,153041.3996,48906.2642,306074.2586,2459.3093,46779.1374,153041.3996,38219.3467,270223.8299,2975.7642
87,87,50,1,0,1,1,1,1,0,0,52967.5019,0,53406.9358,53406.9358,0.669773520056166,220594.9302,0,367770.3032,0.0,14.842900268134454,14.842900268134454,0.0,14.842900268134454,14.842900268134454,2043.0,2043.0,9.4082,9.4082,13.673,13.673,48699.7836,153041.3996,48906.2642,306074.2586,2459.3093,48699.7836,153041.3996,49095.8735,306703.3017,2459.3093
88,88,55,1,0,1,1,1,1,0,0,52967.5019,0,77757.5889,77757.5889,0.8978122853802418,220594.9302,0,367770.3032,0.0,15.00622322175014,15.00622322175014,0.0,14.842900268134454,14.842900268134454,2043.0,2044.0,9.4082,9.7831,13.673,13.5242,48699.7836,153041.3996,48906.2642,306074.2586,2459.3093,49528.6567,153041.3996,59644.501,342207.882,2235.7357
89,89,60,1,0,1,1,1,1,0,0,52967.5019,0,102118.1965,102118.1965,1.1262869839414025,220594.9302,0,367770.3032,0.0,15.154651897161623,15.154651897161623,0.0,14.842900268134454,14.842900268134454,2043.0,2045.0,9.4082,10.1587,13.673,13.3918,48699.7836,153041.3996,48906.2642,306074.2586,2459.3093,50280.3822,153041.3996,70249.8898,377722.3551,2032.487
90,90,20,1,0,1,1,1,0,1,0,-13807.247,0,-102449.2484,-102449.2484,0.0,181284.0538,0,337372.4614,0.0,5.738349762247086,5.738349762247086,0.0,9.04802105515889,9.04802105515889,2043.0,2032.0,13.2319,8.1883,18.4329,29.0643,39102.3737,113511.3837,16019.8469,156657.0529,1830.6956,23477.0526,113511.3837,531.1442,40293.5203,5223.1883
91,91,25,1,0,1,1,1,0,1,0,-13807.247,0,-86727.5883,-86727.5883,0.0,181284.0538,0,337372.4614,0.0,7.044446111711592,7.044446111711592,0.0,9.04802105515889,9.04802105515889,2043.0,2035.0,13.2319,9.5038,18.4329,23.6756,39102.3737,113511.3837,16019.8469,156657.0529,1830.6956,29488.0046,113511.3837,1242.3018,61438.3605,3924.2587
92,92,30,1,0,1,1,1,0,1,0,-13807.247,0,-70681.7217,-70681.7217,0.0,181284.0538,0,337372.4614,0.0,7.709849641062456,7.709849641062456,0.0,9.04802105515889,9.04802105515889,2043.0,2037.0,13.2319,10.406,18.4329,21.6322,39102.3737,113511.3837,16019.8469,156657.0529,1830.6956,32633.1415,113511.3837,2208.7264,80914.7188,3243.189
93,93,35,1,0,1,1,1,0,1,0,-13807.247,0,-54775.3482,-54775.3482,0.0,181284.0538,0,337372.4614,0.0,8.243465458909643,8.243465458909643,0.0,9.04802105515889,9.04802105515889,2043.0,2039.0,13.2319,11.3343,18.4329,20.2319,39102.3737,113511.3837,16019.8469,156657.0529,1830.6956,35217.8126,113511.3837,3775.3496,100409.5192,2680.3215
94,94,40,1,0,1,1,1,0,1,0,-13807.247,0,-39611.7869,-39611.7869,0.0,181284.0538,0,337372.4614,0.0,8.68332203965189,8.68332203965189,0.0,9.04802105515889,9.04802105515889,2043.0,2041.0,13.2319,12.2778,18.4329,19.2071,39102.3737,113511.3837,16019.8469,156657.0529,1830.6956,37349.3706,113511.3837,6351.0466,119815.1557,2215.1417
95,95,45,1,0,1,1,1,0,1,0,-13807.247,0,-26430.7517,-26430.7517,0.0,181284.0538,0,337372.4614,0.0,8.875329304209673,8.875329304209673,0.0,9.04802105515889,9.04802105515889,2043.0,2042.0,13.2319,12.7539,18.4329,18.7916,39102.3737,113511.3837,16019.8469,156657.0529,1830.6956,38271.3656,113511.3837,10906.7882,138272.5509,2013.7652
96,96,50,1,0,1,1,1,0,1,0,-13807.247,0,-13722.8229,-13722.8229,0.020554886809487426,181284.0538,0,337372.4614,0.0,9.04802105515889,9.04802105515889,0.0,9.04802105515889,9.04802105515889,2043.0,2043.0,13.2319,13.2319,18.4329,18.4329,39102.3737,113511.3837,16019.8469,156657.0529,1830.6956,39102.3737,113511.3837,16056.0287,156777.6587,1830.6956
97,97,55,1,0,1,1,1,0,1,0,-13807.247,0,-1149.9122,-1149.9122,0.1784855058245313,181284.0538,0,337372.4614,0.0,9.19905048851798,9.19905048851798,0.0,9.04802105515889,9.04802105515889,2043.0,2044.0,13.2319,13.7123,18.4329,18.1303,39102.3737,113511.3837,16019.8469,156657.0529,1830.6956,39845.1126,113511.3837,21409.9804,175280.8333,1664.2687
98,98,60,1,0,1,1,1,0,1,0,-13807.247,0,11377.2121,11377.2121,0.3369019610222963,181284.0538,0,337372.4614,0.0,9.333782842734701,9.333782842734701,0.0,9.04802105515889,9.04802105515889,2043.0,2045.0,13.2319,14.1949,18.4329,17.8686,39102.3737,113511.3837,16019.8469,156657.0529,1830.6956,40513.4657,113511.3837,26864.8664,193779.8995,1512.9716
99,99,20,1,0,1,1,1,0,0,0,0,0,0,0,0.0,0,0,4188.9751,0.0,0.0,0.0,0.0,0.0,0.0,2021.0,2021.0,0,0,0,0,0,0,0,0,0,0,0,0,0,0
100,100,25,1,0,1,1,1,0,0,0,0,0,0,0,0.0,0,0,4188.9751,0.0,0.0,0.0,0.0,0.0,0.0,2021.0,2021.0,0,0,0,0,0,0,0,0,0,0,0,0,0,0
101,101,30,1,0,1,1,1,0,0,0,0,0,0,0,0.0,0,0,4188.9751,0.0,0.0,0.0,0.0,0.0,0.0,2021.0,2021.0,0,0,0,0,0,0,0,0,0,0,0,0,0,0
102,102,35,1,0,1,1,1,0,0,0,0,0,0,0,0.0,0,0,4188.9751,0.0,0.0,0.0,0.0,0.0,0.0,2021.0,2021.0,0,0,0,0,0,0,0,0,0,0,0,0,0,0
103,103,40,1,0,1,1,1,0,0,0,0,0,0,0,0.0,0,0,4188.9751,0.0,0.0,0.0,0.0,0.0,0.0,2021.0,2021.0,0,0,0,0,0,0,0,0,0,0,0,0,0,0
104,104,45,1,0,1,1,1,0,0,0,0,0,0,0,0.0,0,0,4188.9751,0.0,0.0,0.0,0.0,0.0,0.0,2021.0,2021.0,0,0,0,0,0,0,0,0,0,0,0,0,0,0
105,105,50,1,0,1,1,1,0,0,0,0,0,0,0,0.0,0,0,4188.9751,0.0,0.0,0.0,0.0,0.0,0.0,2021.0,2021.0,0,0,0,0,0,0,0,0,0,0,0,0,0,0
106,106,55,1,0,1,1,1,0,0,0,0,0,0,0,0.0,0,0,4188.9751,0.0,0.0,0.0,0.0,0.0,0.0,2021.0,2021.0,0,0,0,0,0,0,0,0,0,0,0,0,0,0
107,107,60,1,0,1,1,1,0,0,0,0,0,0,0,0.0,0,0,4188.9751,0.0,0.0,0.0,0.0,0.0,0.0,2021.0,2021.0,0,0,0,0,0,0,0,0,0,0,0,0,0,0
108,108,20,1,1,0,1,0,1,1,0,112769.3117,0,-42058.2183,-42058.2183,0.0,144552.5415,0,72506.9997,0.0,12.87137185717588,12.87137185717588,0.0,13.838030355952865,13.838030355952865,2072.0,2038.0,4.5401,3.3275,9.6104,10.3321,23014.3772,124424.9235,69171.2356,329379.8479,0,20799.9476,124424.9235,3534.436,106701.0888,0
109,109,25,1,1,0,1,0,1,1,0,112769.3117,0,-15015.0699,-15015.0699,0.0,144552.5415,0,72506.9997,0.0,13.39897926920072,13.39897926920072,0.0,13.838030355952865,13.838030355952865,2072.0,2042.0,4.5401,3.8204,9.6104,9.9253,23014.3772,124424.9235,69171.2356,329379.8479,0,22175.1284,124424.9235,14078.5762,145663.5581,0
110,110,30,1,1,0,1,0,1,1,0,112769.3117,0,11525.4199,11525.4199,0.2969271667051284,144552.5415,0,72506.9997,0.0,13.603215082507429,13.603215082507429,0.0,13.838030355952865,13.838030355952865,2072.0,2046.0,4.5401,4.0572,9.6104,9.7762,23014.3772,124424.9235,69171.2356,329379.8479,0,22634.3812,124424.9235,25419.7428,184004.4674,0
111,111,35,1,1,0,1,0,1,1,0,112769.3117,0,38089.0695,38089.0695,0.6017947345304099,144552.5415,0,72506.9997,0.0,13.668247056854762,13.668247056854762,0.0,13.838030355952865,13.838030355952865,2072.0,2049.0,4.5401,4.1575,9.6104,9.7297,23014.3772,124424.9235,69171.2356,329379.8479,0,22764.0722,124424.9235,36789.2403,222067.3056,0
112,112,40,1,1,0,1,0,1,1,0,112769.3117,0,64607.915,64607.915,0.9068208111702757,144552.5415,0,72506.9997,0.0,13.705387973180796,13.705387973180796,0.0,13.838030355952865,13.838030355952865,2072.0,2051.0,4.5401,4.2252,9.6104,9.7034,23014.3772,124424.9235,69171.2356,329379.8479,0,22831.554,124424.9235,48223.2644,260087.657,0
113,113,45,1,1,0,1,0,1,1,0,112769.3117,0,91090.6814,91090.6814,1.2119438320977447,144552.5415,0,72506.9997,0.0,13.754129654528127,13.754129654528127,0.0,13.838030355952865,13.838030355952865,2072.0,2054.0,4.5401,4.3283,9.6104,9.669,23014.3772,124424.9235,69171.2356,329379.8479,0,22911.5151,124424.9235,59705.4299,298132.5499,0
114,114,50,1,1,0,1,0,1,1,0,112769.3117,0,117512.8788,117512.8788,1.5171269940985734,144552.5415,0,72506.9997,0.0,13.838030355952865,13.838030355952865,0.0,13.838030355952865,13.838030355952865,2072.0,2072.0,4.5401,4.5401,9.6104,9.6104,23014.3772,124424.9235,69171.2356,329379.8479,0,23014.3772,124424.9235,71255.6474,336207.8269,0
115,115,55,1,1,0,1,0,1,1,0,112769.3117,0,144088.3319,144088.3319,1.8223791675695071,144552.5415,0,72506.9997,0.0,13.838030355952865,13.838030355952865,0.0,13.838030355952865,13.838030355952865,2072.0,2072.0,4.5401,4.5401,9.6104,9.6104,23014.3772,124424.9235,69171.2356,329379.8479,0,23014.3772,124424.9235,82661.196,374188.8286,0
116,116,60,1,1,0,1,0,1,1,0,112769.3117,0,170661.2144,170661.2144,2.12763134104044,144552.5415,0,72506.9997,0.0,13.838030355952865,13.838030355952865,0.0,13.838030355952865,13.838030355952865,2072.0,2072.0,4.5401,4.5401,9.6104,9.6104,23014.3772,124424.9235,69171.2356,329379.8479,0,23014.3772,124424.9235,94069.3152,412169.8303,0
117,117,20,1,1,0,1,0,1,0,0,76423.141,0,-29648.0481,-29648.0481,0.0,100167.2636,0,53886.9461,0.0,8.88721278674367,8.88721278674367,0.0,9.605204634385279,9.605204634385279,2057.0,2038.0,4.6099,3.3524,9.5942,10.3693,16048.5045,85933.3345,47359.0127,225763.9928,0,14381.5575,85933.3345,2328.9713,72995.8151,0
118,118,25,1,1,0,1,0,1,0,0,76423.141,0,-11015.9984,-11015.9984,0.0,100167.2636,0,53886.9461,0.0,9.203285642150117,9.203285642150117,0.0,9.605204634385279,9.605204634385279,2057.0,2041.0,4.6099,3.7603,9.5942,10.0132,16048.5045,85933.3345,47359.0127,225763.9928,0,15201.1146,85933.3345,9430.8732,99549.3239,0
119,119,30,1,1,0,1,0,1,0,0,76423.141,0,6988.9583,6988.9583,0.283416769406349,100167.2636,0,53886.9461,0.0,9.440902872449225,9.440902872449225,0.0,9.605204634385279,9.605204634385279,2057.0,2046.0,4.6099,4.1485,9.5942,9.7611,16048.5045,85933.3345,47359.0127,225763.9928,0,15758.991,85933.3345,17365.895,126047.1788,0
120,120,35,1,1,0,1,0,1,0,0,76423.141,0,25200.2811,25200.2811,0.5858090027544147,100167.2636,0,53886.9461,0.0,9.478821465272631,9.478821465272631,0.0,9.605204634385279,9.605204634385279,2057.0,2048.0,4.6099,4.2308,9.5942,9.7221,16048.5045,85933.3345,47359.0127,225763.9928,0,15836.7647,85933.3345,25140.0439,152110.4243,0
121,121,40,1,1,0,1,0,1,0,0,76423.141,0,43332.8715,43332.8715,0.8884030992584702,100167.2636,0,53886.9461,0.0,9.527906418169017,9.527906418169017,0.0,9.605204634385279,9.605204634385279,2057.0,2051.0,4.6099,4.3561,9.5942,9.672,16048.5045,85933.3345,47359.0127,225763.9928,0,15928.5863,85933.3345,33010.272,178205.0643,0
122,122,45,1,1,0,1,0,1,0,0,76423.141,0,61466.8139,61466.8139,1.1911178722702453,100167.2636,0,53886.9461,0.0,9.56963850765775,9.56963850765775,0.0,9.605204634385279,9.605204634385279,2057.0,2054.0,4.6099,4.4836,9.5942,9.6298,16048.5045,85933.3345,47359.0127,225763.9928,0,15997.6083,85933.3345,40889.5182,204287.275,0
123,123,50,1,1,0,1,0,1,0,0,76423.141,0,79613.1713,79613.1713,1.4939131198468203,100167.2636,0,53886.9461,0.0,9.605204634385279,9.605204634385279,0.0,9.605204634385279,9.605204634385279,2057.0,2057.0,4.6099,4.6099,9.5942,9.5942,16048.5045,85933.3345,47359.0127,225763.9928,0,16048.5045,85933.3345,48763.2649,230358.2752,0
124,124,55,1,1,0,1,0,1,0,0,76423.141,0,97771.3649,97771.3649,1.7967710200791693,100167.2636,0,53886.9461,0.0,9.635206091790007,9.635206091790007,0.0,9.605204634385279,9.605204634385279,2057.0,2064.0,4.6099,4.7286,9.5942,9.5643,16048.5045,85933.3345,47359.0127,225763.9928,0,16083.8012,85933.3345,56630.5591,256419.0598,0
125,125,60,1,1,0,1,0,1,0,0,76423.141,0,115978.9628,115978.9628,2.099648265837424,100167.2636,0,53886.9461,0.0,9.63627471932334,9.63627471932334,0.0,9.605204634385279,9.605204634385279,2057.0,2067.0,4.6099,4.7333,9.5942,9.5632,16048.5045,85933.3345,47359.0127,225763.9928,0,16084.5207,85933.3345,64450.1116,282446.9297,0
126,126,20,1,1,0,1,0,0,1,0,36413.0784,0,-12341.1845,-12341.1845,0.0,44385.2778,0,22809.0286,0.0,3.9325818298754744,3.9325818298754744,0.0,4.2002329604228645,4.2002329604228645,2072.0,2037.0,4.0785,3.1341,9.722,10.3836,6929.0317,38491.589,21747.2444,103580.9434,0,6272.6319,38491.589,1143.496,33566.5324,0
127,127,25,1,1,0,1,0,0,1,0,36413.0784,0,-3889.9754,-3889.9754,0.016876871521145084,44385.2778,0,22809.0286,0.0,4.134713392439356,4.134713392439356,0.0,4.2002329604228645,4.2002329604228645,2072.0,2043.0,4.0785,3.7475,9.722,9.876,6929.0317,38491.589,21747.2444,103580.9434,0,6818.0448,38491.589,4539.5999,45959.2583,0
128,128,30,1,1,0,1,0,0,1,0,36413.0784,0,4532.0529,4532.0529,0.3270924027108432,44385.2778,0,22809.0286,0.0,4.165944845683784,4.165944845683784,0.0,4.2002329604228645,4.2002329604228645,2072.0,2047.0,4.0785,3.8658,9.722,9.802,6929.0317,38491.589,21747.2444,103580.9434,0,6882.3092,38491.589,8058.3879,57964.3389,0
129,129,35,1,1,0,1,0,0,1,0,36413.0784,0,12924.6556,12924.6556,0.6374857935629019,44385.2778,0,22809.0286,0.0,4.172132949066935,4.172132949066935,0.0,4.2002329604228645,4.2002329604228645,2072.0,2049.0,4.0785,3.8963,9.722,9.7874,6929.0317,38491.589,21747.2444,103580.9434,0,6893.7354,38491.589,11613.4475,69923.4276,0
130,130,40,1,1,0,1,0,0,1,0,36413.0784,0,21277.0854,21277.0854,0.9479431464010427,44385.2778,0,22809.0286,0.0,4.179948384053043,4.179948384053043,0.0,4.2002329604228645,4.2002329604228645,2072.0,2052.0,4.0785,3.9422,9.722,9.7691,6929.0317,38491.589,21747.2444,103580.9434,0,6906.9742,38491.589,15211.1422,81886.7908,0
131,131,45,1,1,0,1,0,0,1,0,36413.0784,0,29602.4102,29602.4102,1.2584501793672564,44385.2778,0,22809.0286,0.0,4.2002329604228645,4.2002329604228645,0.0,4.2002329604228645,4.2002329604228645,2072.0,2072.0,4.0785,4.0785,9.722,9.722,6929.0317,38491.589,21747.2444,103580.9434,0,6929.0317,38491.589,18837.8541,93860.8849,0
132,132,50,1,1,0,1,0,0,1,0,36413.0784,0,37966.6152,37966.6152,1.5690018546672335,44385.2778,0,22809.0286,0.0,4.2002329604228645,4.2002329604228645,0.0,4.2002329604228645,4.2002329604228645,2072.0,2072.0,4.0785,4.0785,9.722,9.722,6929.0317,38491.589,21747.2444,103580.9434,0,6929.0317,38491.589,22427.4041,105814.64,0
133,133,55,1,1,0,1,0,0,1,0,36413.0784,0,46330.1482,46330.1482,1.8795535299672115,44385.2778,0,22809.0286,0.0,4.2002329604228645,4.2002329604228645,0.0,4.2002329604228645,4.2002329604228645,2072.0,2072.0,4.0785,4.0785,9.722,9.722,6929.0317,38491.589,21747.2444,103580.9434,0,6929.0317,38491.589,26017.6263,117768.3951,0
134,134,60,1,1,0,1,0,0,1,0,36413.0784,0,54693.2213,54693.2213,2.1901052052671868,44385.2778,0,22809.0286,0.0,4.2002329604228645,4.2002329604228645,0.0,4.2002329604228645,4.2002329604228645,2072.0,2072.0,4.0785,4.0785,9.722,9.722,6929.0317,38491.589,21747.2444,103580.9434,0,6929.0317,38491.589,29608.3083,129722.1502,0
135,135,20,1,1,0,1,0,0,0,0,0,0,0,0,0.0,0,0,4188.9751,0.0,0.0,0.0,0.0,0.0,0.0,2021.0,2021.0,0,0,0,0,0,0,0,0,0,0,0,0,0,0
136,136,25,1,1,0,1,0,0,0,0,0,0,0,0,0.0,0,0,4188.9751,0.0,0.0,0.0,0.0,0.0,0.0,2021.0,2021.0,0,0,0,0,0,0,0,0,0,0,0,0,0,0
137,137,30,1,1,0,1,0,0,0,0,0,0,0,0,0.0,0,0,4188.9751,0.0,0.0,0.0,0.0,0.0,0.0,2021.0,2021.0,0,0,0,0,0,0,0,0,0,0,0,0,0,0
138,138,35,1,1,0,1,0,0,0,0,0,0,0,0,0.0,0,0,4188.9751,0.0,0.0,0.0,0.0,0.0,0.0,2021.0,2021.0,0,0,0,0,0,0,0,0,0,0,0,0,0,0
139,139,40,1,1,0,1,0,0,0,0,0,0,0,0,0.0,0,0,4188.9751,0.0,0.0,0.0,0.0,0.0,0.0,2021.0,2021.0,0,0,0,0,0,0,0,0,0,0,0,0,0,0
140,140,45,1,1,0,1,0,0,0,0,0,0,0,0,0.0,0,0,4188.9751,0.0,0.0,0.0,0.0,0.0,0.0,2021.0,2021.0,0,0,0,0,0,0,0,0,0,0,0,0,0,0
141,141,50,1,1,0,1,0,0,0,0,0,0,0,0,0.0,0,0,4188.9751,0.0,0.0,0.0,0.0,0.0,0.0,2021.0,2021.0,0,0,0,0,0,0,0,0,0,0,0,0,0,0
142,142,55,1,1,0,1,0,0,0,0,0,0,0,0,0.0,0,0,4188.9751,0.0,0.0,0.0,0.0,0.0,0.0,2021.0,2021.0,0,0,0,0,0,0,0,0,0,0,0,0,0,0
143,143,60,1,1,0,1,0,0,0,0,0,0,0,0,0.0,0,0,4188.9751,0.0,0.0,0.0,0.0,0.0,0.0,2021.0,2021.0,0,0,0,0,0,0,0,0,0,0,0,0,0,0
144,144,20,1,1,0,0,1,1,1,0,55453.1793,0,-88349.9467,-88349.9467,0.0,145966.8301,0,317528.9028,0.0,9.282061053700001,9.282061053700001,0.0,11.541280586300001,11.541280586300001,2039.0,2031.0,9.4486,6.7052,11.6356,14.4676,52209.5831,125581.1073,45015.8803,281357.457,3097.7071,39602.926,125581.1073,0,83474.2969,6640.2103
145,145,25,1,1,0,0,1,1,1,0,55453.1793,0,-57974.8875,-57974.8875,0.0,145966.8301,0,317528.9028,0.0,10.464092642333334,10.464092642333334,0.0,11.541280586300001,11.541280586300001,2039.0,2034.0,9.4486,7.7152,11.6356,12.8334,52209.5831,125581.1073,45015.8803,281357.457,3097.7071,45734.7298,125581.1073,1406.016,119735.8539,4988.8883
146,146,30,1,1,0,0,1,1,1,0,55453.1793,0,-32823.6072,-32823.6072,0.0,145966.8301,0,317528.9028,0.0,10.766300889333335,10.766300889333335,0.0,11.541280586300001,11.541280586300001,2039.0,2035.0,9.4486,8.0548,11.6356,12.4731,52209.5831,125581.1073,45015.8803,281357.457,3097.7071,47368.8499,125581.1073,7999.0106,152660.7136,4535.353
147,147,35,1,1,0,0,1,1,1,0,55453.1793,0,-9664.7335,-9664.7335,0.058182194413960185,145966.8301,0,317528.9028,0.0,11.019593739133336,11.019593739133336,0.0,11.541280586300001,11.541280586300001,2039.0,2036.0,9.4486,8.395,11.6356,12.1864,52209.5831,125581.1073,45015.8803,281357.457,3097.7071,48805.0916,125581.1073,16971.3116,185815.8252,4123.0482
148,148,40,1,1,0,0,1,1,1,0,55453.1793,0,13030.7252,13030.7252,0.3154819703261916,145966.8301,0,317528.9028,0.0,11.2231948758,11.2231948758,0.0,11.541280586300001,11.541280586300001,2039.0,2037.0,9.4486,8.7416,11.6356,11.9654,52209.5831,125581.1073,45015.8803,281357.457,3097.7071,50067.8833,125581.1073,26587.8161,219015.7575,3748.2256
149,149,45,1,1,0,0,1,1,1,0,55453.1793,0,35648.8379,35648.8379,0.5737218080945601,145966.8301,0,317528.9028,0.0,11.392300677633335,11.392300677633335,0.0,11.541280586300001,11.541280586300001,2039.0,2038.0,9.4486,9.0942,11.6356,11.7877,52209.5831,125581.1073,45015.8803,281357.457,3097.7071,51194.7668,125581.1073,36399.7205,252231.9103,3407.4778
150,150,50,1,1,0,0,1,1,1,0,55453.1793,0,58332.0357,58332.0357,0.8329090589765842,145966.8301,0,317528.9028,0.0,11.541280586300001,11.541280586300001,0.0,11.541280586300001,11.541280586300001,2039.0,2039.0,9.4486,9.4486,11.6356,11.6356,52209.5831,125581.1073,45015.8803,281357.457,3097.7071,52209.5831,125581.1073,46265.5169,285485.95,3097.7071
151,151,55,1,1,0,0,1,1,1,0,55453.1793,0,81029.3852,81029.3852,1.092110937932935,145966.8301,0,317528.9028,0.0,11.660043694500002,11.660043694500002,0.0,11.541280586300001,11.541280586300001,2039.0,2040.0,9.4486,9.8047,11.6356,11.5171,52209.5831,125581.1073,45015.8803,281357.457,3097.7071,53103.4226,125581.1073,56118.9985,318649.011,2816.0974
152,152,60,1,1,0,0,1,1,1,0,55453.1793,0,103719.7124,103719.7124,1.3496625275476242,145966.8301,0,317528.9028,0.0,11.660043694500002,11.660043694500002,0.0,11.541280586300001,11.541280586300001,2039.0,2040.0,9.4486,9.8047,11.6356,11.5171,52209.5831,125581.1073,45015.8803,281357.457,3097.7071,53103.4226,125581.1073,65772.2575,350992.5972,2816.0974
153,153,20,1,1,0,0,1,1,0,0,34014.9285,0,-60379.4367,-60379.4367,0.0,98295.0374,0,214725.3046,0.0,6.071704591833333,6.071704591833333,0.0,7.3792627514666655,7.3792627514666655,2038.0,2031.0,9.2392,6.7456,12.2548,14.8939,33650.064,84141.8814,28554.4006,182953.7604,2592.4858,26019.9959,84141.8814,0,54834.462,5052.0214
154,154,25,1,1,0,0,1,1,0,0,34014.9285,0,-40768.1732,-40768.1732,0.0,98295.0374,0,214725.3046,0.0,6.599727076500001,6.599727076500001,0.0,7.3792627514666655,7.3792627514666655,2038.0,2033.0,9.2392,7.4444,12.2548,13.7023,33650.064,84141.8814,28554.4006,182953.7604,2592.4858,28855.0219,84141.8814,912.1481,77316.1025,4175.2243
155,155,30,1,1,0,0,1,1,0,0,34014.9285,0,-23629.912,-23629.912,0.0,98295.0374,0,214725.3046,0.0,7.006158968666667,7.006158968666667,0.0,7.3792627514666655,7.3792627514666655,2038.0,2035.0,9.2392,8.1516,12.2548,12.9074,33650.064,84141.8814,28554.4006,182953.7604,2592.4858,31142.6211,84141.8814,4891.1268,99996.3159,3450.5986
156,156,35,1,1,0,0,1,1,0,0,34014.9285,0,-8399.8709,-8399.8709,0.026706256286432407,98295.0374,0,214725.3046,0.0,7.156115256466666,7.156115256466666,0.0,7.3792627514666655,7.3792627514666655,2038.0,2036.0,9.2392,8.5095,12.2548,12.6369,33650.064,84141.8814,28554.4006,182953.7604,2592.4858,32081.2106,84141.8814,10646.9888,121607.1176,3136.9078
157,157,40,1,1,0,0,1,1,0,0,34014.9285,0,6500.4862,6500.4862,0.2776040097434531,98295.0374,0,214725.3046,0.0,7.279202186799999,7.279202186799999,0.0,7.3792627514666655,7.3792627514666655,2038.0,2037.0,9.2392,8.8709,12.2548,12.4233,33650.064,84141.8814,28554.4006,182953.7604,2592.4858,32910.8063,84141.8814,16857.6704,143262.5787,2851.7344
158,158,45,1,1,0,0,1,1,0,0,34014.9285,0,21291.493,21291.493,0.5291926422313149,98295.0374,0,214725.3046,0.0,7.3792627514666655,7.3792627514666655,0.0,7.3792627514666655,7.3792627514666655,2038.0,2038.0,9.2392,9.2392,12.2548,12.2548,33650.064,84141.8814,28554.4006,182953.7604,2592.4858,33650.064,84141.8814,23235.8343,164911.7585,2592.4858
159,159,50,1,1,0,0,1,1,0,0,34014.9285,0,36077.6822,36077.6822,0.7788006426488499,98295.0374,0,214725.3046,0.0,7.3792627514666655,7.3792627514666655,0.0,7.3792627514666655,7.3792627514666655,2038.0,2038.0,9.2392,9.2392,12.2548,12.2548,33650.064,84141.8814,28554.4006,182953.7604,2592.4858,33650.064,84141.8814,29452.1614,185914.2749,2592.4858
160,160,55,1,1,0,0,1,1,0,0,34014.9285,0,50924.8814,50924.8814,1.0319928561601692,98295.0374,0,214725.3046,0.0,7.465602248299999,7.465602248299999,0.0,7.3792627514666655,7.3792627514666655,2038.0,2039.0,9.2392,9.6091,12.2548,12.1131,33650.064,84141.8814,28554.4006,182953.7604,2592.4858,34313.5172,84141.8814,35909.0615,207646.1468,2356.8052
161,161,60,1,1,0,0,1,1,0,0,34014.9285,0,65790.5454,65790.5454,1.2852795338124878,98295.0374,0,214725.3046,0.0,7.537984982499999,7.537984982499999,0.0,7.3792627514666655,7.3792627514666655,2038.0,2040.0,9.2392,9.9795,12.2548,11.9968,33650.064,84141.8814,28554.4006,182953.7604,2592.4858,34904.5625,84141.8814,42355.4451,229334.9847,2142.5502
162,162,20,1,1,0,0,1,0,1,0,21381.7768,0,-27970.51,-27970.51,0.0,47671.7927,0,106992.5733,0.0,3.210356461866667,3.210356461866667,0.0,4.122058712,4.122058712,2040.0,2031.0,9.485,6.6287,10.6398,13.6614,18198.8601,41439.2259,16374.9906,98068.4006,673.5472,13582.9301,41439.2259,0,28639.8349,1588.189
163,163,25,1,1,0,0,1,0,1,0,21381.7768,0,-17613.0909,-17613.0909,0.0,47671.7927,0,106992.5733,0.0,3.646159367833334,3.646159367833334,0.0,4.122058712,4.122058712,2040.0,2034.0,9.485,7.5645,10.6398,12.0286,18198.8601,41439.2259,16374.9906,98068.4006,673.5472,15672.8746,41439.2259,566.8063,41259.0457,1193.2299
164,164,30,1,1,0,0,1,0,1,0,21381.7768,0,-9249.1621,-9249.1621,0.0,47671.7927,0,106992.5733,0.0,3.863478482666667,3.863478482666667,0.0,4.122058712,4.122058712,2040.0,2036.0,9.485,8.183,10.6398,11.352,18198.8601,41439.2259,16374.9906,98068.4006,673.5472,16723.881,41439.2259,3336.5262,53236.6113,986.1404
165,165,35,1,1,0,0,1,0,1,0,21381.7768,0,-1318.872,-1318.872,0.1256003867605403,47671.7927,0,106992.5733,0.0,3.9439926890000003,3.9439926890000003,0.0,4.122058712,4.122058712,2040.0,2037.0,9.485,8.5029,10.6398,11.1202,18198.8601,41439.2259,16374.9906,98068.4006,673.5472,17157.077,41439.2259,6523.6264,64697.5485,896.4913
166,166,40,1,1,0,0,1,0,1,0,21381.7768,0,6478.5279,6478.5279,0.3979640007232571,47671.7927,0,106992.5733,0.0,4.075678338,4.075678338,0.0,4.122058712,4.122058712,2040.0,2039.0,9.485,9.1545,10.6398,10.7609,18198.8601,41439.2259,16374.9906,98068.4006,673.5472,17896.0659,41439.2259,10012.7024,76567.4239,740.9019
167,167,45,1,1,0,0,1,0,1,0,21381.7768,0,14357.3121,14357.3121,0.6676245498018614,47671.7927,0,106992.5733,0.0,4.075678338,4.075678338,0.0,4.122058712,4.122058712,2040.0,2039.0,9.485,9.1545,10.6398,10.7609,18198.8601,41439.2259,16374.9906,98068.4006,673.5472,17896.0659,41439.2259,13308.3816,87741.8873,740.9019
168,168,50,1,1,0,0,1,0,1,0,21381.7768,0,22203.4041,22203.4041,0.9393263815969275,47671.7927,0,106992.5733,0.0,4.122058712,4.122058712,0.0,4.122058712,4.122058712,2040.0,2040.0,9.485,9.485,10.6398,10.6398,18198.8601,41439.2259,16374.9906,98068.4006,673.5472,18198.8601,41439.2259,16721.3418,99236.3791,673.5472
169,169,55,1,1,0,0,1,0,1,0,21381.7768,0,30065.0284,30065.0284,1.2098593748027564,47671.7927,0,106992.5733,0.0,4.122058712,4.122058712,0.0,4.122058712,4.122058712,2040.0,2040.0,9.485,9.485,10.6398,10.6398,18198.8601,41439.2259,16374.9906,98068.4006,673.5472,18198.8601,41439.2259,20070.3342,110446.9958,673.5472
170,170,60,1,1,0,0,1,0,1,0,21381.7768,0,37923.3074,37923.3074,1.480392368008586,47671.7927,0,106992.5733,0.0,4.122058712,4.122058712,0.0,4.122058712,4.122058712,2040.0,2040.0,9.485,9.485,10.6398,10.6398,18198.8601,41439.2259,16374.9906,98068.4006,673.5472,18198.8601,41439.2259,23422.6719,121657.6125,673.5472
171,171,20,1,1,0,0,1,0,0,0,0,0,0,0,0.0,0,0,4188.9751,0.0,0.0,0.0,0.0,0.0,0.0,2021.0,2021.0,0,0,0,0,0,0,0,0,0,0,0,0,0,0
172,172,25,1,1,0,0,1,0,0,0,0,0,0,0,0.0,0,0,4188.9751,0.0,0.0,0.0,0.0,0.0,0.0,2021.0,2021.0,0,0,0,0,0,0,0,0,0,0,0,0,0,0
173,173,30,1,1,0,0,1,0,0,0,0,0,0,0,0.0,0,0,4188.9751,0.0,0.0,0.0,0.0,0.0,0.0,2021.0,2021.0,0,0,0,0,0,0,0,0,0,0,0,0,0,0
174,174,35,1,1,0,0,1,0,0,0,0,0,0,0,0.0,0,0,4188.9751,0.0,0.0,0.0,0.0,0.0,0.0,2021.0,2021.0,0,0,0,0,0,0,0,0,0,0,0,0,0,0
175,175,40,1,1,0,0,1,0,0,0,0,0,0,0,0.0,0,0,4188.9751,0.0,0.0,0.0,0.0,0.0,0.0,2021.0,2021.0,0,0,0,0,0,0,0,0,0,0,0,0,0,0
176,176,45,1,1,0,0,1,0,0,0,0,0,0,0,0.0,0,0,4188.9751,0.0,0.0,0.0,0.0,0.0,0.0,2021.0,2021.0,0,0,0,0,0,0,0,0,0,0,0,0,0,0
177,177,50,1,1,0,0,1,0,0,0,0,0,0,0,0.0,0,0,4188.9751,0.0,0.0,0.0,0.0,0.0,0.0,2021.0,2021.0,0,0,0,0,0,0,0,0,0,0,0,0,0,0
178,178,55,1,1,0,0,1,0,0,0,0,0,0,0,0.0,0,0,4188.9751,0.0,0.0,0.0,0.0,0.0,0.0,2021.0,2021.0,0,0,0,0,0,0,0,0,0,0,0,0,0,0
179,179,60,1,1,0,0,1,0,0,0,0,0,0,0,0.0,0,0,4188.9751,0.0,0.0,0.0,0.0,0.0,0.0,2021.0,2021.0,0,0,0,0,0,0,0,0,0,0,0,0,0,0
180,180,20,1,1,0,1,1,1,1,0,167556.5387,0,-129222.7227,-129222.7227,0.0,290519.3715,0,385846.9274,0.0,21.745135216948114,21.745135216948114,0.0,25.191068233236084,25.191068233236084,2042.0,2033.0,6.9661,4.8253,10.5933,12.2689,76786.5349,250006.0308,113220.9158,609897.3735,2327.3532,61604.1939,250006.0308,1662.6002,189537.8793,5487.7771
181,181,25,1,1,0,1,1,1,1,0,167556.5387,0,-70853.6602,-70853.6602,0.0,290519.3715,0,385846.9274,0.0,23.462073455580658,23.462073455580658,0.0,25.191068233236084,25.191068233236084,2042.0,2036.0,6.9661,5.5543,10.5933,11.3726,76786.5349,250006.0308,113220.9158,609897.3735,2327.3532,68570.2309,250006.0308,12554.3674,264400.0171,4123.0482
182,182,30,1,1,0,1,1,1,1,0,167556.5387,0,-20631.9911,-20631.9911,0.04387157709732452,290519.3715,0,385846.9274,0.0,23.872829582678705,23.872829582678705,0.0,25.191068233236084,25.191068233236084,2042.0,2037.0,6.9661,5.7954,10.5933,11.1772,76786.5349,250006.0308,113220.9158,609897.3735,2327.3532,70385.0135,250006.0308,31600.1486,335107.4274,3748.2256
183,183,35,1,1,0,1,1,1,1,0,167556.5387,0,28174.804,28174.804,0.32450553455335424,290519.3715,0,385846.9274,0.0,24.535395239411475,24.535395239411475,0.0,25.191068233236084,25.191068233236084,2042.0,2039.0,6.9661,6.2745,10.5933,10.8759,76786.5349,250006.0308,113220.9158,609897.3735,2327.3532,73441.8964,250006.0308,52953.5267,407673.965,3097.7071
184,184,40,1,1,0,1,1,1,1,0,167556.5387,0,77149.4493,77149.4493,0.6048177503709343,290519.3715,0,385846.9274,0.0,24.801513829462184,24.801513829462184,0.0,25.191068233236084,25.191068233236084,2042.0,2040.0,6.9661,6.5131,10.5933,10.7594,76786.5349,250006.0308,113220.9158,609897.3735,2327.3532,74729.1745,250006.0308,74058.6172,478759.3692,2816.0974
185,185,45,1,1,0,1,1,1,1,0,167556.5387,0,126159.7633,126159.7633,0.8857735131547506,290519.3715,0,385846.9274,0.0,25.021723178993327,25.021723178993327,0.0,25.191068233236084,25.191068233236084,2042.0,2041.0,6.9661,6.7439,10.5933,10.6648,76786.5349,250006.0308,113220.9158,609897.3735,2327.3532,75841.317,250006.0308,95288.9296,549856.1293,2560.0885
186,186,50,1,1,0,1,1,1,1,0,167556.5387,0,175175.8171,175175.8171,1.166889728459141,290519.3715,0,385846.9274,0.0,25.191068233236084,25.191068233236084,0.0,25.191068233236084,25.191068233236084,2042.0,2042.0,6.9661,6.9661,10.5933,10.5933,76786.5349,250006.0308,113220.9158,609897.3735,2327.3532,76786.5349,250006.0308,116553.6163,620849.3524,2327.3532
187,187,55,1,1,0,1,1,1,1,0,167556.5387,0,224315.8672,224315.8672,1.4474294719552872,290519.3715,0,385846.9274,0.0,25.191068233236084,25.191068233236084,0.0,25.191068233236084,25.191068233236084,2042.0,2042.0,6.9661,6.9661,10.5933,10.5933,76786.5349,250006.0308,113220.9158,609897.3735,2327.3532,76786.5349,250006.0308,137550.1854,690985.9715,2327.3532
188,188,60,1,1,0,1,1,1,1,0,167556.5387,0,273390.0825,273390.0825,1.7288535278582935,290519.3715,0,385846.9274,0.0,25.320656424566177,25.320656424566177,0.0,25.191068233236084,25.191068233236084,2042.0,2043.0,6.9661,7.1827,10.5933,10.5391,76786.5349,250006.0308,113220.9158,609897.3735,2327.3532,77600.6167,250006.0308,158833.6726,761946.1782,2115.7756
189,189,20,1,1,0,1,1,1,0,0,110575.1347,0,-89333.4588,-89333.4588,0.0,198462.301,0,264423.2756,0.0,14.618465990082521,14.618465990082521,0.0,16.93147608859479,16.93147608859479,2042.0,2033.0,6.973,4.8034,10.7812,12.4865,51310.9734,170075.216,75566.0235,409298.0503,1770.7027,41053.6368,170075.216,1317.9452,127288.5635,4175.2243
190,190,25,1,1,0,1,1,1,0,0,110575.1347,0,-49590.6742,-49590.6742,0.0,198462.301,0,264423.2756,0.0,15.760043176283837,15.760043176283837,0.0,16.93147608859479,16.93147608859479,2042.0,2036.0,6.973,5.5393,10.7812,11.5823,51310.9734,170075.216,75566.0235,409298.0503,1770.7027,45737.3572,170075.216,8153.6496,177512.4564,3136.9078
191,191,30,1,1,0,1,1,1,0,0,110575.1347,0,-15766.5675,-15766.5675,0.029883298361088922,198462.301,0,264423.2756,0.0,16.031996646322273,16.031996646322273,0.0,16.93147608859479,16.93147608859479,2042.0,2037.0,6.973,5.7821,10.7812,11.3859,51310.9734,170075.216,75566.0235,409298.0503,1770.7027,46955.3046,170075.216,20848.9694,224964.6569,2851.7344
192,192,35,1,1,0,1,1,1,0,0,110575.1347,0,17044.756,17044.756,0.3068701422682385,198462.301,0,264423.2756,0.0,16.465820511254584,16.465820511254584,0.0,16.93147608859479,16.93147608859479,2042.0,2039.0,6.973,6.2638,10.7812,11.086,51310.9734,170075.216,75566.0235,409298.0503,1770.7027,48999.4491,170075.216,35146.1835,273622.4098,2356.8052
193,193,40,1,1,0,1,1,1,0,0,110575.1347,0,49947.0262,49947.0262,0.5835560430490391,198462.301,0,264423.2756,0.0,16.644416012280047,16.644416012280047,0.0,16.93147608859479,16.93147608859479,2042.0,2040.0,6.973,6.5042,10.7812,10.967,51310.9734,170075.216,75566.0235,409298.0503,1770.7027,49867.3206,170075.216,49301.2678,321333.3808,2142.5502
194,194,45,1,1,0,1,1,1,0,0,110575.1347,0,82873.535,82873.535,0.861057997433127,198462.301,0,264423.2756,0.0,16.80208782703785,16.80208782703785,0.0,16.93147608859479,16.93147608859479,2042.0,2041.0,6.973,6.7414,10.7812,10.8642,51310.9734,170075.216,75566.0235,409298.0503,1770.7027,50639.5557,170075.216,63570.9039,369106.9835,1947.7729
195,195,50,1,1,0,1,1,1,0,0,110575.1347,0,115827.9187,115827.9187,1.1388855216873457,198462.301,0,264423.2756,0.0,16.93147608859479,16.93147608859479,0.0,16.93147608859479,16.93147608859479,2042.0,2042.0,6.973,6.973,10.7812,10.7812,51310.9734,170075.216,75566.0235,409298.0503,1770.7027,51310.9734,170075.216,77868.0364,416852.8472,1770.7027
196,196,55,1,1,0,1,1,1,0,0,110575.1347,0,148781.6151,148781.6151,1.4167180693112387,198462.301,0,264423.2756,0.0,17.03133509614586,17.03133509614586,0.0,16.93147608859479,16.93147608859479,2042.0,2043.0,6.973,7.1978,10.7812,10.718,51310.9734,170075.216,75566.0235,409298.0503,1770.7027,51887.1145,170075.216,92166.7106,464520.3859,1609.7297
197,197,60,1,1,0,1,1,1,0,0,110575.1347,0,181804.3605,181804.3605,1.6939478588863752,198462.301,0,264423.2756,0.0,17.03133509614586,17.03133509614586,0.0,16.93147608859479,16.93147608859479,2042.0,2043.0,6.973,7.1978,10.7812,10.718,51310.9734,170075.216,75566.0235,409298.0503,1770.7027,51887.1145,170075.216,106293.8216,511670.2423,1609.7297
198,198,20,1,1,0,1,1,0,1,0,57812.5055,0,-39466.4856,-39466.4856,0.0,92057.0705,0,125612.6268,0.0,7.377813941378326,7.377813941378326,0.0,8.255376934474512,8.255376934474512,2041.0,2034.0,6.7489,5.108,10.2591,11.4793,25201.7613,79930.8148,37912.6528,201470.05,612.3156,21392.4506,79930.8148,403.0434,63453.0531,1193.2299
199,199,25,1,1,0,1,1,0,1,0,57812.5055,0,-20954.9754,-20954.9754,0.0,92057.0705,0,125612.6268,0.0,7.737771861815869,7.737771861815869,0.0,8.255376934474512,8.255376934474512,2041.0,2036.0,6.7489,5.5848,10.2591,10.9453,25201.7613,79930.8148,37912.6528,201470.05,612.3156,22832.8736,79930.8148,4572.717,87367.5705,986.1404
200,200,30,1,1,0,1,1,0,1,0,57812.5055,0,-4580.938,-4580.938,0.08245241110845213,92057.0705,0,125612.6268,0.0,7.997196996598882,7.997196996598882,0.0,8.255376934474512,8.255376934474512,2041.0,2038.0,6.7489,6.0599,10.2591,10.5903,25201.7613,79930.8148,37912.6528,201470.05,612.3156,23963.0929,79930.8148,11171.4417,111299.4035,814.9921
201,201,35,1,1,0,1,1,0,1,0,57812.5055,0,11639.8473,11639.8473,0.37115295943173554,92057.0705,0,125612.6268,0.0,8.105316310675933,8.105316310675933,0.0,8.255376934474512,8.255376934474512,2041.0,2039.0,6.7489,6.2963,10.2591,10.449,25201.7613,79930.8148,37912.6528,201470.05,612.3156,24442.4473,79930.8148,18026.7799,134780.7912,740.9019
202,202,40,1,1,0,1,1,0,1,0,57812.5055,0,27798.7973,27798.7973,0.6607401580386875,92057.0705,0,125612.6268,0.0,8.192839399701175,8.192839399701175,0.0,8.255376934474512,8.255376934474512,2041.0,2040.0,6.7489,6.5311,10.2591,10.3374,25201.7613,79930.8148,37912.6528,201470.05,612.3156,24861.8539,79930.8148,25014.8243,158279.8375,673.5472
203,203,45,1,1,0,1,1,0,1,0,57812.5055,0,43959.8144,43959.8144,0.9506038486983075,92057.0705,0,125612.6268,0.0,8.255376934474512,8.255376934474512,0.0,8.255376934474512,8.255376934474512,2041.0,2041.0,6.7489,6.7489,10.2591,10.2591,25201.7613,79930.8148,37912.6528,201470.05,612.3156,25201.7613,79930.8148,32022.9018,181727.608,612.3156
204,204,50,1,1,0,1,1,0,1,0,57812.5055,0,60182.1451,60182.1451,1.2401550511628816,92057.0705,0,125612.6268,0.0,8.255376934474512,8.255376934474512,0.0,8.255376934474512,8.255376934474512,2041.0,2041.0,6.7489,6.7489,10.2591,10.2591,25201.7613,79930.8148,37912.6528,201470.05,612.3156,25201.7613,79930.8148,38944.6883,204871.7251,612.3156
205,205,55,1,1,0,1,1,0,1,0,57812.5055,0,76390.9276,76390.9276,1.5297062536274553,92057.0705,0,125612.6268,0.0,8.255376934474512,8.255376934474512,0.0,8.255376934474512,8.255376934474512,2041.0,2041.0,6.7489,6.7489,10.2591,10.2591,25201.7613,79930.8148,37912.6528,201470.05,612.3156,25201.7613,79930.8148,45880.023,228015.8423,612.3156
206,206,60,1,1,0,1,1,0,1,0,57812.5055,0,92573.754,92573.754,1.8200231339840778,92057.0705,0,125612.6268,0.0,8.295333727160338,8.295333727160338,0.0,8.255376934474512,8.255376934474512,2041.0,2042.0,6.7489,6.9521,10.2591,10.2097,25201.7613,79930.8148,37912.6528,201470.05,612.3156,25475.5615,79930.8148,52902.5151,251439.296,556.6505
207,207,20,1,1,0,1,1,0,0,0,0,0,0,0,0.0,0,0,4188.9751,0.0,0.0,0.0,0.0,0.0,0.0,2021.0,2021.0,0,0,0,0,0,0,0,0,0,0,0,0,0,0
208,208,25,1,1,0,1,1,0,0,0,0,0,0,0,0.0,0,0,4188.9751,0.0,0.0,0.0,0.0,0.0,0.0,2021.0,2021.0,0,0,0,0,0,0,0,0,0,0,0,0,0,0
209,209,30,1,1,0,1,1,0,0,0,0,0,0,0,0.0,0,0,4188.9751,0.0,0.0,0.0,0.0,0.0,0.0,2021.0,2021.0,0,0,0,0,0,0,0,0,0,0,0,0,0,0
210,210,35,1,1,0,1,1,0,0,0,0,0,0,0,0.0,0,0,4188.9751,0.0,0.0,0.0,0.0,0.0,0.0,2021.0,2021.0,0,0,0,0,0,0,0,0,0,0,0,0,0,0
211,211,40,1,1,0,1,1,0,0,0,0,0,0,0,0.0,0,0,4188.9751,0.0,0.0,0.0,0.0,0.0,0.0,2021.0,2021.0,0,0,0,0,0,0,0,0,0,0,0,0,0,0
212,212,45,1,1,0,1,1,0,0,0,0,0,0,0,0.0,0,0,4188.9751,0.0,0.0,0.0,0.0,0.0,0.0,2021.0,2021.0,0,0,0,0,0,0,0,0,0,0,0,0,0,0
213,213,50,1,1,0,1,1,0,0,0,0,0,0,0,0.0,0,0,4188.9751,0.0,0.0,0.0,0.0,0.0,0.0,2021.0,2021.0,0,0,0,0,0,0,0,0,0,0,0,0,0,0
214,214,55,1,1,0,1,1,0,0,0,0,0,0,0,0.0,0,0,4188.9751,0.0,0.0,0.0,0.0,0.0,0.0,2021.0,2021.0,0,0,0,0,0,0,0,0,0,0,0,0,0,0
215,215,60,1,1,0,1,1,0,0,0,0,0,0,0,0.0,0,0,4188.9751,0.0,0.0,0.0,0.0,0.0,0.0,2021.0,2021.0,0,0,0,0,0,0,0,0,0,0,0,0,0,0
