,ID,E_Brent,Opt_Basica,BR,AR,WO,NW,opt_CE,opt_CN,opt_CS,opt_IC,opt_IN,VPN_Basica_porta,VPN_incremental_porta,VPN_Basica,VPN_incremental,VPN_Total,EFI_INCREMENTAL,capex,opex_basica,opex_incremental,volumen_B_LE,volumen_I_LE,volumen_T_LE
0,0,40,0,1,0,1,0,0,0,0,0,0,0,0,0,0,0,0.0,0,209877.2954,209877.2954,0.0,0.0,0.0
1,1,40,0,1,0,1,0,0,0,0,0,0,0,0,0,0,0,0.0,0,209877.2954,209877.2954,0.0,0.0,0.0
2,2,40,0,1,0,1,0,0,0,0,0,1,0,6662.0332,0,2220.8241,2220.8241,0.22714780905115495,24122.3172,209877.2954,211518.717,0.0,0.878146691875,0.878146691875
3,3,40,0,1,0,1,0,0,0,0,0,1,0,19261.0066,0,10897.953,10897.953,0.6265712045268402,42913.514,209877.2954,211862.3491,0.0,1.7084498080875006,1.7084498080875006
4,4,40,0,1,0,1,0,0,0,0,1,0,0,-1708.7877,0,-2803.2318,-2803.2318,0.0,7999.4083,209877.2954,211172.7662,0.0,0.1745535989875,0.1745535989875
5,5,40,0,1,0,1,0,0,0,0,1,0,0,9502.3198,0,4290.5314,4290.5314,0.3951493261481383,26790.6051,209877.2954,211516.3982,0.0,0.9787844894500001,0.9787844894500001
6,6,40,0,1,0,1,0,0,0,0,1,1,0,11177.6066,0,5228.6262,5228.6262,0.401615040989931,32121.7255,209877.2954,212814.1877,0.0,1.2059339501125002,1.2059339501125002
7,7,40,0,1,0,1,0,0,0,0,1,1,0,23945.9781,0,14094.7696,14094.7696,0.6830515919913771,50912.9223,209877.2954,213157.8198,0.0,2.0561799294250003,2.0561799294250003
8,8,40,0,1,0,1,0,0,0,1,0,0,0,12898.0877,0,6187.1353,6187.1353,0.42169678919297493,36200.3887,209877.2954,216628.3902,0.0,1.3513034055125004,1.3513034055125004
9,9,40,0,1,0,1,0,0,0,1,0,0,0,25759.2298,0,15149.7048,15149.7048,0.6797247307405773,54991.5855,209877.2954,216972.0222,0.0,2.215788681275,2.215788681275
10,10,40,0,1,0,1,0,0,0,1,0,1,0,27818.6326,0,16494.0271,16494.0271,0.674629925559839,60322.7058,209877.2954,218269.8118,0.0,2.4489336635625003,2.4489336635625003
11,11,40,0,1,0,1,0,0,0,1,0,1,0,40872.942,0,25695.6195,25695.6195,0.8013603453013252,79113.9027,209877.2954,218613.4438,0.0,3.344948234487501,3.344948234487501
12,12,40,0,1,0,1,0,0,0,1,1,0,0,17572.4745,0,9356.0049,9356.0049,0.5222733577322622,44199.797,209877.2954,217923.8609,0.0,1.6976561560625,1.6976561560625
13,13,40,0,1,0,1,0,0,0,1,1,0,0,30513.7121,0,18417.7515,18417.7515,0.7214160394775563,62990.9938,209877.2954,218267.4929,0.0,2.575517159375,2.575517159375
14,14,40,0,1,0,1,0,0,0,1,1,1,0,32601.9705,0,19795.8546,19795.8546,0.7148840621615284,68322.1142,209877.2954,219565.2825,0.0,2.8143565249124998,2.8143565249124998
15,15,40,0,1,0,1,0,0,0,1,1,1,0,45677.5588,0,29034.3924,29034.3924,0.8223409649550225,87113.311,209877.2954,219908.9145,0.0,3.6699734205250016,3.6699734205250016
16,16,40,0,1,0,1,0,0,1,0,0,0,0,7348.185,0,2386.8814,2386.8814,0.20983572449975074,28067.6278,209877.2954,213004.0084,0.0,1.0114534502875,1.0114534502875
17,17,40,0,1,0,1,0,0,1,0,0,0,0,20125.3566,0,11243.0358,11243.0358,0.5919879862231108,46858.8247,209877.2954,213347.6405,0.0,1.8606963790250002,1.8606963790250002
18,18,40,0,1,0,1,0,0,1,0,0,1,0,22153.199,0,12555.8056,12555.8056,0.5935989770712403,52189.945,209877.2954,214645.43,0.0,2.0878230268749998,2.0878230268749998
19,19,40,0,1,0,1,0,0,1,0,0,1,0,35178.7828,0,21732.1933,21732.1933,0.7554294109544726,70981.1418,209877.2954,214989.0621,0.0,2.931721127550001,2.931721127550001
20,20,40,0,1,0,1,0,0,1,0,1,0,0,11974.1595,0,5494.0022,5494.0022,0.37586386752609297,36067.0361,209877.2954,214299.4792,0.0,1.3496431035875003,1.3496431035875003
21,21,40,0,1,0,1,0,0,1,0,1,0,0,24851.855,0,14479.53,14479.53,0.6512336961797419,54858.233,209877.2954,214643.1112,0.0,2.2144065226875,2.2144065226875
22,22,40,0,1,0,1,0,0,1,0,1,1,0,26917.4938,0,15835.533,15835.533,0.649156884013598,60189.3533,209877.2954,215940.9007,0.0,2.4481155075375,2.4481155075375
23,23,40,0,1,0,1,0,0,1,0,1,1,0,39978.7666,0,25057.7841,25057.7841,0.7828111235067796,78980.5501,209877.2954,216284.5328,0.0,3.2988974443375008,3.2988974443375008
24,24,40,0,1,0,1,0,0,1,1,0,0,0,28789.2045,0,16949.113,16949.113,0.6507126715780653,64268.0165,209877.2954,219755.1032,0.0,2.620242550325,2.620242550325
25,25,40,0,1,0,1,0,0,1,1,0,0,0,41874.8033,0,26190.3824,26190.3824,0.7779937752441304,83059.2133,209877.2954,220098.7352,0.0,3.4766496572500007,3.4766496572500007
26,26,40,0,1,0,1,0,0,1,1,0,1,0,44023.1046,0,27648.2072,27648.2072,0.7717788966515544,88390.3337,209877.2954,221396.5248,0.0,3.7293369170499995,3.7293369170499995
27,27,40,0,1,0,1,0,0,1,1,0,1,0,57173.637,0,36968.888,36968.888,0.8510333338262408,107181.5305,209877.2954,221740.1568,0.0,4.5975243069,4.5975243069
28,28,40,0,1,0,1,0,0,1,1,1,0,0,33586.8674,0,20262.4515,20262.4515,0.6918109699268702,72267.4248,209877.2954,221050.5739,0.0,2.9409461363625,2.9409461363625
29,29,40,0,1,0,1,0,0,1,1,1,0,0,46695.9881,0,29532.9127,29532.9127,0.8002198218578859,91058.6217,209877.2954,221394.2059,0.0,3.8509479181125004,3.8509479181125004
30,30,40,0,1,0,1,0,0,1,1,1,1,0,48853.45,0,31006.4886,31006.4886,0.7936949925418703,96389.742,209877.2954,222691.9955,0.0,4.058183147662501,4.058183147662501
31,31,40,0,1,0,1,0,0,1,1,1,1,0,62007.7157,0,40342.0376,40342.0376,0.8641882858764036,115180.9388,209877.2954,223035.6275,0.0,4.9297491508875,4.9297491508875
32,32,40,0,1,0,1,0,1,0,0,0,0,0,3708.7637,0,402.7673,402.7673,0.05285660526598289,18800.5185,209877.2954,209925.6302,0.0,0.6554511626375,0.6554511626375
33,33,40,0,1,0,1,0,1,0,0,0,0,0,16161.8315,0,8896.9715,8896.9715,0.5839440497750927,37591.7153,209877.2954,210269.2622,0.0,1.4677257791,1.4677257791
34,34,40,0,1,0,1,0,1,0,0,0,1,0,18091.8875,0,10109.5222,10109.5222,0.581107211101285,42922.8357,209877.2954,211567.0518,0.0,1.7219993366625002,1.7219993366625002
35,35,40,0,1,0,1,0,1,0,0,0,1,0,31040.1476,0,19197.3429,19197.3429,0.7674946201384619,61714.0325,209877.2954,211910.6838,0.0,2.5530433783375006,2.5530433783375006
36,36,40,0,1,0,1,0,1,0,0,1,0,0,8134.066,0,3305.684,3305.684,0.304334746736614,26799.9268,209877.2954,211221.1009,0.0,0.9730613905000001,0.9730613905000001
37,37,40,0,1,0,1,0,1,0,0,1,0,0,20820.4255,0,12063.965,12063.965,0.6528826156900833,45591.1237,209877.2954,211564.7329,0.0,1.8101325374625,1.8101325374625
38,38,40,0,1,0,1,0,1,0,0,1,1,0,22812.6019,0,13344.0055,13344.0055,0.6465432194514992,50922.244,209877.2954,212862.5225,0.0,2.031610928575,2.031610928575
39,39,40,0,1,0,1,0,1,0,0,1,1,0,35819.3519,0,22499.1421,22499.1421,0.7962888717047526,69713.4408,209877.2954,213206.1545,0.0,2.9142982590625,2.9142982590625
40,40,40,0,1,0,1,0,1,0,1,0,0,0,24657.085,0,14430.6769,14430.6769,0.6473477869172883,55000.9072,209877.2954,216676.7249,0.0,2.2403198089250003,2.2403198089250003
41,41,40,0,1,0,1,0,1,0,1,0,0,0,37692.5864,0,23612.722,23612.722,0.7895119031023115,73792.104,209877.2954,217020.3569,0.0,3.0864253018500003,3.0864253018500003
42,42,40,0,1,0,1,0,1,0,1,0,1,0,39818.1003,0,25047.5099,25047.5099,0.7810505439603641,79123.2243,209877.2954,218318.1465,0.0,3.3327459309500003,3.3327459309500003
43,43,40,0,1,0,1,0,1,0,1,0,1,0,52943.6944,0,34343.9311,34343.9311,0.8654134084388733,97914.4212,209877.2954,218661.7785,0.0,4.196329529662501,4.196329529662501
44,44,40,0,1,0,1,0,1,0,1,1,0,0,29429.7736,0,17716.0617,17716.0617,0.6938224223495489,63000.3155,209877.2954,217972.1956,0.0,2.6028196818375005,2.6028196818375005
45,45,40,0,1,0,1,0,1,0,1,1,0,0,42497.2032,0,26942.0379,26942.0379,0.8127311588421385,81791.5123,209877.2954,218315.8277,0.0,3.4556374973875,3.4556374973875
46,46,40,0,1,0,1,0,1,0,1,1,1,0,44636.1815,0,28388.9762,28388.9762,0.8039697588686227,87122.6327,209877.2954,219613.6172,0.0,3.705297612362501,3.705297612362501
47,47,40,0,1,0,1,0,1,0,1,1,1,0,57777.7731,0,37702.2125,37702.2125,0.8782866843453325,105913.8295,209877.2954,219957.2492,0.0,4.525175760275001,4.525175760275001
48,48,40,0,1,0,1,0,1,1,0,0,0,0,18995.2279,0,10492.4554,10492.4554,0.552379856749595,46868.1463,209877.2954,213052.3432,0.0,1.8792091722375,1.8792091722375
49,49,40,0,1,0,1,0,1,1,0,0,0,0,32006.5859,0,19652.4005,19652.4005,0.7384788990416643,65659.3432,209877.2954,213395.9752,0.0,2.7201842844749997,2.7201842844749997
50,50,40,0,1,0,1,0,1,1,0,0,1,0,34119.308,0,21070.9015,21070.9015,0.7323405223150956,70990.4635,209877.2954,214693.7647,0.0,2.9616699547625003,2.9616699547625003
51,51,40,0,1,0,1,0,1,1,0,0,1,0,47231.6211,0,30355.2869,30355.2869,0.8342114672146711,89781.6603,209877.2954,215037.3968,0.0,3.8205124992750004,3.8205124992750004
52,52,40,0,1,0,1,0,1,1,0,1,0,0,23751.146,0,13772.0336,13772.0336,0.619329658237699,54867.5547,209877.2954,214347.8139,0.0,2.1948360599625008,2.1948360599625008
53,53,40,0,1,0,1,0,1,1,0,1,0,0,36798.411,0,22965.739,22965.739,0.7692684063405576,73658.7515,209877.2954,214691.4459,0.0,3.0408878705125004,3.0408878705125004
54,54,40,0,1,0,1,0,1,1,0,1,1,0,38927.2971,0,24409.6745,24409.6745,0.7624687475988601,78989.8718,209877.2954,215989.2355,0.0,3.2866951408000005,3.2866951408000005
55,55,40,0,1,0,1,0,1,1,0,1,1,0,52061.8323,0,33713.5683,33713.5683,0.8507082577341123,97781.0686,209877.2954,216332.8675,0.0,4.1493587298875,4.1493587298875
56,56,40,0,1,0,1,0,1,1,1,0,0,0,40836.8994,0,25546.9503,25546.9503,0.7588127926598994,83068.535,209877.2954,219803.4379,0.0,3.5125412588874996,3.5125412588874996
57,57,40,0,1,0,1,0,1,1,1,0,0,0,53983.1418,0,34862.2601,34862.2601,0.8444701233569734,101859.7318,209877.2954,220147.0699,0.0,4.379291210300001,4.379291210300001
58,58,40,0,1,0,1,0,1,1,1,0,1,0,53983.1418,0,34862.2601,34862.2601,0.8444701233569734,107190.8522,209877.2954,221444.8595,0.0,4.379291210300001,4.379291210300001
59,59,40,0,1,0,1,0,1,1,1,0,1,0,69326.0642,0,45722.6083,45722.6083,0.895468238406101,125982.049,209877.2954,221788.4915,0.0,5.4654653290125,5.4654653290125
60,60,40,0,1,0,1,0,1,1,1,1,0,0,45662.9548,0,28905.2317,28905.2317,0.7831485999478779,91067.9433,209877.2954,221098.9086,0.0,3.8413874894999998,3.8413874894999998
61,61,40,0,1,0,1,0,1,1,1,1,0,0,58817.2206,0,38235.4096,38235.4096,0.858740250250787,109859.1402,209877.2954,221442.5407,0.0,4.711516054287501,4.711516054287501
62,62,40,0,1,0,1,0,1,1,1,1,1,0,60993.8476,0,39731.2781,39731.2781,0.8510319602367166,115190.2605,209877.2954,222740.3302,0.0,4.9701435484625005,4.9701435484625005
63,63,40,0,1,0,1,0,1,1,1,1,1,0,74169.7047,0,49107.0887,49107.0887,0.9043329649076126,133981.4573,209877.2954,223083.9622,0.0,5.8007002686875015,5.8007002686875015
64,64,40,0,1,0,1,1,0,0,0,0,0,0,0,0,0,0,0.0,0,209877.2954,209877.2954,0.0,0.0,0.0
65,65,40,0,1,0,1,1,0,0,0,0,0,0,10715.4981,0,2991.5717,2991.5717,0.174303543262678,42112.9528,209877.2954,227393.4009,0.0,1.4574849662750005,1.4574849662750005
66,66,40,0,1,0,1,1,0,0,0,0,1,0,7323.0856,0,1636.0599,1636.0599,0.1278971144384766,32131.587,209877.2954,217801.7662,0.0,1.0990611137250001,1.0990611137250001
67,67,40,0,1,0,1,1,0,0,0,0,1,0,26406.3059,0,13029.591,13029.591,0.43497215740573403,74244.5398,209877.2954,235317.8716,0.0,2.8014645228750004,2.8014645228750004
68,68,40,0,1,0,1,1,0,0,0,1,0,0,5303.9384,0,-852.066,-852.066,0.0,27623.8908,209877.2954,226675.7765,0.0,1.1607479188749998,1.1607479188749998
69,69,40,0,1,0,1,1,0,0,0,1,0,0,24494.4806,0,10771.0086,10771.0086,0.3838289720023857,69736.8437,209877.2954,244191.8819,0.0,2.8029442402875007,2.8029442402875007
70,70,40,0,1,0,1,1,0,0,0,1,1,0,21096.1043,0,9334.9598,9334.9598,0.3940297908253986,59755.4778,209877.2954,234600.2473,0.0,2.4179726120875005,2.4179726120875005
71,71,40,0,1,0,1,1,0,0,0,1,1,0,40297.2031,0,21141.5857,21141.5857,0.5174912056516638,101868.4306,209877.2954,252116.3527,0.0,4.099484351875,4.099484351875
72,72,40,0,1,0,1,1,0,0,1,0,0,0,26492.029,0,12974.834,12974.834,0.46668707429457856,69520.8777,209877.2954,241344.0576,0.0,2.843199009575,2.843199009575
73,73,40,0,1,0,1,1,0,0,1,0,0,0,45777.8446,0,24791.9523,24791.9523,0.5513611087037189,111633.8305,209877.2954,258860.163,0.0,4.5289135053625005,4.5289135053625005
74,74,40,0,1,0,1,1,0,0,1,0,1,0,42422.0771,0,23380.3926,23380.3926,0.5759568549508158,101652.4647,209877.2954,249268.5284,0.0,4.140285398412501,4.140285398412501
75,75,40,0,1,0,1,1,0,0,1,0,1,0,61726.2782,0,35164.886,35164.886,0.608841976349157,143765.4175,209877.2954,266784.6338,0.0,5.7610946953875,5.7610946953875
76,76,40,0,1,0,1,1,0,0,1,1,0,0,40382.9263,0,21167.8117,21167.8117,0.5469577461745689,97144.7686,209877.2954,258142.5387,0.0,4.1545980732625,4.1545980732625
77,77,40,0,1,0,1,1,0,0,1,1,0,0,59733.8286,0,32952.3052,32952.3052,0.5898665543610713,139257.7214,209877.2954,275658.6441,0.0,5.7754073702375,5.7754073702375
78,78,40,0,1,0,1,1,0,0,1,1,1,0,56378.0611,0,31540.7455,31540.7455,0.6125249161990477,129276.3555,209877.2954,266067.0094,0.0,5.3867792632875,5.3867792632875
79,79,40,0,1,0,1,1,0,0,1,1,1,0,75682.2622,0,43325.239,43325.239,0.6310481089484156,171389.3083,209877.2954,283583.1148,0.0,7.007588560262502,7.007588560262502
80,80,40,0,1,0,1,1,0,1,0,0,0,0,15133.4203,0,5672.5874,5672.5874,0.287496196159289,49145.2975,209877.2954,229812.7344,0.0,1.9611124860124998,1.9611124860124998
81,81,40,0,1,0,1,1,0,1,0,0,0,0,34396.2716,0,17464.4338,17464.4338,0.4733806905489775,91258.2503,209877.2954,247328.8398,0.0,3.6365616624875003,3.6365616624875003
82,82,40,0,1,0,1,1,0,1,0,0,1,0,31040.5041,0,16052.8741,16052.8741,0.49358528221363634,81276.8844,209877.2954,237737.2051,0.0,3.2479335555375,3.2479335555375
83,83,40,0,1,0,1,1,0,1,0,0,1,0,50344.7052,0,27837.3676,27837.3676,0.5602770975457176,123389.8373,209877.2954,255253.3105,0.0,4.8687428525125,4.8687428525125
84,84,40,0,1,0,1,1,0,1,0,1,0,0,29024.3175,0,13840.2933,13840.2933,0.45186892481839713,76769.1883,209877.2954,246611.2154,0.0,3.262246230387501,3.262246230387501
85,85,40,0,1,0,1,1,0,1,0,1,0,0,48352.2556,0,25624.7868,25624.7868,0.5361731410358966,118882.1411,209877.2954,264127.3208,0.0,4.883055527362502,4.883055527362502
86,86,40,0,1,0,1,1,0,1,0,1,1,0,44996.4881,0,24213.2271,24213.2271,0.5576386327675145,108900.7753,209877.2954,254535.6862,0.0,4.4944274204125,4.4944274204125
87,87,40,0,1,0,1,1,0,1,0,1,1,0,64300.6892,0,35997.7205,35997.7205,0.5941786698059409,151013.7281,209877.2954,272051.7916,0.0,6.1152367173875,6.1152367173875
88,88,40,0,1,0,1,1,0,1,1,0,0,0,50436.6855,0,27863.5936,27863.5936,0.5861947196803884,118666.1752,209877.2954,261279.4966,0.0,4.9238565739,4.9238565739
89,89,40,0,1,0,1,1,0,1,1,0,0,0,69740.8865,0,39648.0871,39648.0871,0.6128367606759737,160779.128,209877.2954,278795.602,0.0,6.544665870875,6.544665870875
90,90,40,0,1,0,1,1,0,1,1,0,1,0,66385.1191,0,38354.5359,38354.5359,0.6357983564681455,150797.7622,209877.2954,269203.9673,0.0,6.248231840987501,6.248231840987501
91,91,40,0,1,0,1,1,0,1,1,0,1,0,85806.3836,0,50180.2521,50180.2521,0.647587395208736,192910.715,209877.2954,286720.0727,0.0,7.887996249525001,7.887996249525001
92,92,40,0,1,0,1,1,0,1,1,1,0,0,64392.6695,0,36023.9466,36023.9466,0.6165105858182508,146290.066,209877.2954,278077.9776,0.0,6.170350438775002,6.170350438775002
93,93,40,0,1,0,1,1,0,1,1,1,0,0,83680.9477,0,47795.8973,47795.8973,0.6322626805097357,188403.0189,209877.2954,295594.083,0.0,7.791159735750003,7.791159735750003
94,94,40,0,1,0,1,1,0,1,1,1,1,0,80337.8087,0,46541.3113,46541.3113,0.6534498392026241,178421.653,209877.2954,286002.4484,0.0,7.5086128973625,7.5086128973625
95,95,40,0,1,0,1,1,0,1,1,1,1,0,99560.613,0,58316.7345,58316.7345,0.6597885944013071,220534.6058,209877.2954,303518.5538,0.0,9.148377305900004,9.148377305900004
96,96,40,0,1,0,1,1,1,0,0,0,0,0,12344.016,0,4570.7499,4570.7499,0.3057971429881706,37535.1227,209877.2954,225170.2025,0.0,1.5053759505,1.5053759505
97,97,40,0,1,0,1,1,1,0,0,0,0,0,31576.4505,0,16226.6347,16226.6347,0.5053452087673291,79648.0755,209877.2954,242686.3079,0.0,3.1985207261625,3.1985207261625
98,98,40,0,1,0,1,1,1,0,0,0,1,0,28258.9477,0,14848.4562,14848.4562,0.5352916892081279,69666.7096,209877.2954,233094.6732,0.0,2.876953216025,2.876953216025
99,99,40,0,1,0,1,1,1,0,0,0,1,0,47563.1487,0,26632.9496,26632.9496,0.593135041313731,111779.6624,209877.2954,250610.7787,0.0,4.4977625130000005,4.4977625130000005
100,100,40,0,1,0,1,1,1,0,0,1,0,0,26266.2489,0,12635.8753,12635.8753,0.4888909437349239,65159.0135,209877.2954,241968.6836,0.0,2.8912658908750006,2.8912658908750006
101,101,40,0,1,0,1,1,1,0,0,1,0,0,45570.6991,0,24420.3688,24420.3688,0.5677967120811397,107271.9663,209877.2954,259484.789,0.0,4.512075187850001,4.512075187850001
102,102,40,0,1,0,1,1,1,0,0,1,1,0,42214.9317,0,23008.8091,23008.8091,0.5954968970161085,97290.6005,209877.2954,249893.1543,0.0,4.1234470809,4.1234470809
103,103,40,0,1,0,1,1,1,0,0,1,1,0,61519.1327,0,34793.3026,34793.3026,0.6235247139842173,139403.5533,209877.2954,267409.2597,0.0,5.744256377874999,5.744256377874999
104,104,40,0,1,0,1,1,1,0,1,0,0,0,47655.129,0,26659.1756,26659.1756,0.6236064478146915,107056.0004,209877.2954,256636.9647,0.0,4.5528762343875,4.5528762343875
105,105,40,0,1,0,1,1,1,0,1,0,0,0,66959.33,0,38443.6691,38443.6691,0.6416689328048301,149168.9532,209877.2954,274153.0701,0.0,6.173685531362501,6.173685531362501
106,106,40,0,1,0,1,1,1,0,1,0,1,0,63603.5626,0,37136.1732,37136.1732,0.6686142586791699,139187.5874,209877.2954,264561.4354,0.0,5.8734013947875,5.8734013947875
107,107,40,0,1,0,1,1,1,0,1,0,1,0,83048.4427,0,48965.8164,48965.8164,0.67349549470391,181300.5402,209877.2954,282077.5408,0.0,7.513165803325,7.513165803325
108,108,40,0,1,0,1,1,1,0,1,1,0,0,61611.113,0,34819.5286,34819.5286,0.6490368435737065,134679.8912,209877.2954,273435.4458,0.0,5.799370099262502,5.799370099262502
109,109,40,0,1,0,1,1,1,0,1,1,0,0,80904.3034,0,46595.3488,46595.3488,0.6580241597433674,176792.844,209877.2954,290951.5512,0.0,7.4201793962375024,7.4201793962375024
110,110,40,0,1,0,1,1,1,0,1,1,1,0,77559.5466,0,45325.5437,45325.5437,0.6822026442710568,166811.4782,209877.2954,281359.9165,0.0,7.1337824511625,7.1337824511625
111,111,40,0,1,0,1,1,1,0,1,1,1,0,96942.5494,0,57115.4495,57115.4495,0.6831746403688712,208924.431,209877.2954,298876.0219,0.0,8.773546859700003,8.773546859700003
112,112,40,0,1,0,1,1,1,1,0,0,0,0,36273.556,0,19331.6572,19331.6572,0.5574617108148902,86680.4202,209877.2954,245105.6414,0.0,3.6605243915125003,3.6605243915125003
113,113,40,0,1,0,1,1,1,1,0,0,0,0,55577.757,0,31116.1507,31116.1507,0.6002228094705665,128793.373,209877.2954,262621.7468,0.0,5.2813336884875,5.2813336884875
114,114,40,0,1,0,1,1,1,1,0,0,1,0,52295.0645,0,29806.3448,29806.3448,0.6278985630866498,118812.0071,209877.2954,253030.1122,0.0,4.9736420594125,4.9736420594125
115,115,40,0,1,0,1,1,1,1,0,0,1,0,71667.5353,0,41645.8858,41645.8858,0.6443440005722456,160924.9599,209877.2954,270546.2176,0.0,6.613406467949999,6.613406467949999
116,116,40,0,1,0,1,1,1,1,0,1,0,0,50229.54,0,27492.0101,27492.0101,0.6031992045900981,114304.311,209877.2954,261904.1225,0.0,4.9070182563874996,4.9070182563874996
117,117,40,0,1,0,1,1,1,1,0,1,0,0,69533.741,0,39276.5036,39276.5036,0.6260301185184302,156417.2638,209877.2954,279420.2279,0.0,6.527827553362501,6.527827553362501
118,118,40,0,1,0,1,1,1,1,0,1,1,0,66177.9736,0,37995.7153,37995.7153,0.65095710599006,146435.898,209877.2954,269828.5932,0.0,6.234023115787501,6.234023115787501
119,119,40,0,1,0,1,1,1,1,0,1,1,0,85590.8864,0,49818.5552,49818.5552,0.659577593483418,188548.8508,209877.2954,287344.6986,0.0,7.873787524325003,7.873787524325003
120,120,40,0,1,0,1,1,1,1,1,0,0,0,71618.1709,0,41669.6357,41669.6357,0.6669275882169492,156201.2979,209877.2954,276572.4036,0.0,6.671300362400001,6.671300362400001
121,121,40,0,1,0,1,1,1,1,1,0,0,0,91023.2289,0,53481.9983,53481.9983,0.6715216443626001,198314.2507,209877.2954,294088.509,0.0,8.3110647709375,8.3110647709375
122,122,40,0,1,0,1,1,1,1,1,0,1,0,87727.6209,0,52129.9405,52129.9405,0.692554209956364,188332.8848,209877.2954,284496.8744,0.0,7.9221918858625,7.9221918858625
123,123,40,0,1,0,1,1,1,1,1,0,1,0,106989.322,0,63882.2261,63882.2261,0.6911043009967247,230445.8376,209877.2954,302012.9798,0.0,9.561956294400003,9.561956294400003
124,124,40,0,1,0,1,1,1,1,1,1,0,0,85556.7932,0,49845.3301,49845.3301,0.6792860364919376,183825.1887,209877.2954,293370.8847,0.0,7.9316814187750015,7.9316814187750015
125,125,40,0,1,0,1,1,1,1,1,1,0,0,104761.5939,0,61606.5714,61606.5714,0.6804198211035515,225938.1415,209877.2954,310886.9901,0.0,9.571445827312502,9.571445827312502
126,126,40,0,1,0,1,1,1,1,1,1,1,0,101615.6337,0,60274.7732,60274.7732,0.6994786319083934,215956.7757,209877.2954,301295.3554,0.0,9.182572942237503,9.182572942237503
127,127,40,0,1,0,1,1,1,1,1,1,1,0,120820.4707,0,71982.2106,71982.2106,0.6965975441179174,258069.7285,209877.2954,318811.4608,0.0,10.822337350775003,10.822337350775003
128,128,40,0,1,0,0,1,0,0,0,0,0,0,0,0,0,0,0.0,0,209877.2954,209877.2954,0.0,0.0,0.0
129,129,40,0,1,0,0,1,0,0,0,0,0,0,-1885.2815,0,-5576.6927,-5576.6927,0.0,23321.756,209877.2954,227049.7688,0.0,0.6167629113750001,0.6167629113750001
130,130,40,0,1,0,0,1,0,0,0,0,1,0,-90.3226,0,-90.3226,-90.3226,0.0,8009.2698,209877.2954,216160.3446,0.0,0.0,0.0
131,131,40,0,1,0,0,1,0,0,0,0,1,0,-1206.5173,0,-6248.1922,-6248.1922,0.0,31331.0258,209877.2954,233332.818,0.0,0.83621913085,0.83621913085
132,132,40,0,1,0,0,1,0,0,0,1,0,0,629.5517,0,-4061.943,-4061.943,0.0,19624.4825,209877.2954,225380.3058,0.0,0.8018251652625001,0.8018251652625001
133,133,40,0,1,0,0,1,0,0,0,1,0,0,6822.9059,0,-1678.0503,-1678.0503,0.0,42946.2385,209877.2954,242552.7792,0.0,1.6244825408875,1.6244825408875
134,134,40,0,1,0,0,1,0,0,0,1,1,0,1475.2005,0,-4408.0459,-4408.0459,0.0,27633.7523,209877.2954,231663.355,0.0,1.0649197277125,1.0649197277125
135,135,40,0,1,0,0,1,0,0,0,1,1,0,7753.7095,0,-1909.5005,-1909.5005,0.0,50955.5083,209877.2954,248835.8283,0.0,1.9174734418875004,1.9174734418875004
136,136,40,0,1,0,0,1,0,0,1,0,0,0,5074.9373,0,-1840.6461,-1840.6461,0.0,33320.489,209877.2954,234592.9629,0.0,1.271522270675,1.271522270675
137,137,40,0,1,0,0,1,0,0,1,0,0,0,11268.2914,0,596.5005,596.5005,0.026304208759728897,56642.245,209877.2954,251765.4363,0.0,2.103233996775,2.103233996775
138,138,40,0,1,0,0,1,0,0,1,0,1,0,5920.5861,0,-2133.495,-2133.495,0.0,41329.7588,209877.2954,240876.012,0.0,1.5436711835999999,1.5436711835999999
139,139,40,0,1,0,0,1,0,0,1,0,1,0,12224.986,0,275.004,275.004,0.010703875645590822,64651.5148,209877.2954,258048.4854,0.0,2.317017397525,2.317017397525
140,140,40,0,1,0,0,1,0,0,1,1,0,0,14214.1266,0,2802.4086,2802.4086,0.1348154440661757,52944.9716,209877.2954,250095.9732,0.0,2.2719314980000007,2.2719314980000007
141,141,40,0,1,0,0,1,0,0,1,1,0,0,20506.5654,0,5328.0912,5328.0912,0.17564749667062746,76266.7275,209877.2954,267268.4466,0.0,3.0706260904875005,3.0706260904875005
142,142,40,0,1,0,0,1,0,0,1,1,1,0,15102.73,0,2536.1885,2536.1885,0.10655358930748449,60954.2414,209877.2954,256379.0224,0.0,2.496611070375,2.496611070375
143,143,40,0,1,0,0,1,0,0,1,1,1,0,21395.1688,0,5061.8711,5061.8711,0.15178479297430042,84275.9974,209877.2954,273551.4958,0.0,3.2953056628625004,3.2953056628625004
144,144,40,0,1,0,0,1,0,1,0,0,0,0,-649.146,0,-5103.173,-5103.173,0.0,21077.6697,209877.2954,226686.0214,0.0,0.6711368880625002,0.6711368880625002
145,145,40,0,1,0,0,1,0,1,0,0,0,0,5562.8289,0,-2725.7852,-2725.7852,0.0,44399.4256,209877.2954,243858.4948,0.0,1.5917820047125,1.5917820047125
146,146,40,0,1,0,0,1,0,1,0,0,1,0,215.1235,0,-5466.0568,-5466.0568,0.0,29086.9395,209877.2954,232969.0705,0.0,0.9757498979125001,0.9757498979125001
147,147,40,0,1,0,0,1,0,1,0,0,1,0,6500.2505,0,-3047.2818,-3047.2818,0.0,52408.6955,209877.2954,250141.5439,0.0,1.8055654054624997,1.8055654054624997
148,148,40,0,1,0,0,1,0,1,0,1,0,0,8489.391,0,-561.6165,-561.6165,0.0,40702.1522,209877.2954,242189.0317,0.0,1.7509556111250004,1.7509556111250004
149,149,40,0,1,0,0,1,0,1,0,1,0,0,14781.8298,0,1964.0661,1964.0661,0.07684440149808283,64023.9082,209877.2954,259361.5051,0.0,2.5496502036125004,2.5496502036125004
150,150,40,0,1,0,0,1,0,1,0,1,1,0,9377.9944,0,-827.8366,-827.8366,0.0,48711.422,209877.2954,248472.0809,0.0,1.9756351835000003,1.9756351835000003
151,151,40,0,1,0,0,1,0,1,0,1,1,0,15670.4333,0,1697.846,1697.846,0.05941926068393066,72033.178,209877.2954,265644.5543,0.0,2.7743297759875003,2.7743297759875003
152,152,40,0,1,0,0,1,0,1,1,0,0,0,12960.6675,0,1723.5712,1723.5712,0.08021833828304362,54398.1587,209877.2954,251401.6888,0.0,2.2346885550750004,2.2346885550750004
153,153,40,0,1,0,0,1,0,1,1,0,0,0,19253.1063,0,4249.2537,4249.2537,0.13693135294382203,77719.9147,209877.2954,268574.1622,0.0,3.0333831475625006,3.0333831475625006
154,154,40,0,1,0,0,1,0,1,1,0,1,0,13849.2709,0,1457.3511,1457.3511,0.059481291100062186,62407.4285,209877.2954,257684.738,0.0,2.4593681274500003,2.4593681274500003
155,155,40,0,1,0,0,1,0,1,1,0,1,0,20141.7098,0,3983.0336,3983.0336,0.11698289595411877,85729.1845,209877.2954,274857.2113,0.0,3.2580627199375005,3.2580627199375005
156,156,40,0,1,0,0,1,0,1,1,1,0,0,22130.8503,0,6585.3006,6585.3006,0.22597284314091134,74022.6412,209877.2954,266904.6992,0.0,3.2294043024125,3.2294043024125
157,157,40,0,1,0,0,1,0,1,1,1,0,0,28423.2891,0,9159.7952,9159.7952,0.23675451021304586,97344.3972,209877.2954,284077.1726,0.0,4.0459043933375005,4.0459043933375005
158,158,40,0,1,0,0,1,0,1,1,1,1,0,23019.4537,0,6342.3384,6342.3384,0.1972242790006251,82031.911,209877.2954,273187.7483,0.0,3.461174337412501,3.461174337412501
159,159,40,0,1,0,0,1,0,1,1,1,1,0,29311.8926,0,8916.833,8916.833,0.21381241643300875,105353.667,209877.2954,290360.2217,0.0,4.2776744283375,4.2776744283375
160,160,40,0,1,0,0,1,1,0,0,0,0,0,804.4263,0,-3402.9356,-3402.9356,0.0,18734.6042,209877.2954,225121.8678,0.0,0.6802486431125001,0.6802486431125001
161,161,40,0,1,0,0,1,1,0,0,0,0,0,6904.4087,0,-1316.0818,-1316.0818,0.0,42056.3601,209877.2954,242294.3412,0.0,1.50820628955,1.50820628955
162,162,40,0,1,0,0,1,1,0,0,0,1,0,1548.4963,0,-3926.1901,-3926.1901,0.0,26743.874,209877.2954,231404.9169,0.0,0.9143533984625001,0.9143533984625001
163,163,40,0,1,0,0,1,1,0,0,0,1,0,7750.0575,0,-1588.3362,-1588.3362,0.0,50065.63,209877.2954,248577.3903,0.0,1.7883796838500001,1.7883796838500001
164,164,40,0,1,0,0,1,1,0,0,1,0,0,9770.2506,0,825.2108,825.2108,0.05507280019157775,38359.0867,209877.2954,240624.8781,0.0,1.724448907325,1.724448907325
165,165,40,0,1,0,0,1,1,0,0,1,0,0,16062.6894,0,3350.8934,3350.8934,0.1365983191175987,61680.8427,209877.2954,257797.3515,0.0,2.5231434998125004,2.5231434998125004
166,166,40,0,1,0,0,1,1,0,0,1,1,0,10658.854,0,558.9907,558.9907,0.03105676620721929,46368.3565,209877.2954,246907.9273,0.0,1.9491284797000004,1.9491284797000004
167,167,40,0,1,0,0,1,1,0,0,1,1,0,16951.2928,0,3084.6733,3084.6733,0.11198262045912155,69690.1125,209877.2954,264080.4007,0.0,2.7478230721875008,2.7478230721875008
168,168,40,0,1,0,0,1,1,0,1,0,0,0,14241.5271,0,3014.6572,3014.6572,0.1473583549615433,52055.0932,209877.2954,249837.5352,0.0,2.131137852025,2.131137852025
169,169,40,0,1,0,0,1,1,0,1,0,0,0,20533.9659,0,5636.0811,5636.0811,0.18784432252156427,75376.8492,209877.2954,267010.0086,0.0,3.0068764437625,3.0068764437625
170,170,40,0,1,0,0,1,1,0,1,0,1,0,15130.1305,0,2844.1784,2844.1784,0.12116808339909364,60064.363,209877.2954,256120.5844,0.0,2.4328614236500004,2.4328614236500004
171,171,40,0,1,0,0,1,1,0,1,0,1,0,21422.5693,0,5369.8609,5369.8609,0.162624498783469,83386.119,209877.2954,273293.0578,0.0,3.2315560161375,3.2315560161375
172,172,40,0,1,0,0,1,1,0,1,1,0,0,23411.7098,0,7927.2724,7927.2724,0.28195882604436484,71679.5757,209877.2954,265340.5456,0.0,3.1965504174250006,3.1965504174250006
173,173,40,0,1,0,0,1,1,0,1,1,0,0,29704.1487,0,10501.767,10501.767,0.2788499255212927,95001.3317,209877.2954,282513.019,0.0,4.013050508350001,4.013050508350001
174,174,40,0,1,0,0,1,1,0,1,1,1,0,24300.3133,0,7684.3102,7684.3102,0.2468458131553803,79688.8455,209877.2954,271623.5947,0.0,3.428320452425001,3.428320452425001
175,175,40,0,1,0,0,1,1,0,1,1,1,0,30592.7521,0,10258.8048,10258.8048,0.25220780839677215,103010.6015,209877.2954,288796.0681,0.0,4.24482054335,4.24482054335
176,176,40,0,1,0,0,1,1,1,0,0,0,0,8516.7915,0,-307.6285,-307.6285,0.0,39812.2738,209877.2954,241930.5937,0.0,1.6196858599625001,1.6196858599625001
177,177,40,0,1,0,0,1,1,1,0,0,0,0,14809.2303,0,2272.0559,2272.0559,0.09005731288674497,63134.0298,209877.2954,259103.0671,0.0,2.485900556887501,2.485900556887501
178,178,40,0,1,0,0,1,1,1,0,0,1,0,9405.3949,0,-519.8467,-519.8467,0.0,47821.5436,209877.2954,248213.6429,0.0,1.9118855367750005,1.9118855367750005
179,179,40,0,1,0,0,1,1,1,0,0,1,0,15697.8338,0,2005.8358,2005.8358,0.07101812221048155,71143.2996,209877.2954,265386.1162,0.0,2.7105801292624996,2.7105801292624996
180,180,40,0,1,0,0,1,1,1,0,1,0,0,17686.9743,0,4560.0755,4560.0755,0.19538435641994856,59436.7563,209877.2954,257433.6041,0.0,2.670439591925,2.670439591925
181,181,40,0,1,0,0,1,1,1,0,1,0,0,23979.4131,0,7134.5701,7134.5701,0.21694855395321,82758.5123,209877.2954,274606.0775,0.0,3.48693968285,3.48693968285
182,182,40,0,1,0,0,1,1,1,0,1,1,0,18575.5777,0,4317.1133,4317.1133,0.16381244834844244,67446.0262,209877.2954,263716.6532,0.0,2.9022096269250004,2.9022096269250004
183,183,40,0,1,0,0,1,1,1,0,1,1,0,24868.0165,0,6891.6079,6891.6079,0.19196144716289054,90767.7821,209877.2954,280889.1266,0.0,3.718709717850001,3.718709717850001
184,184,40,0,1,0,0,1,1,1,1,0,0,0,22158.2508,0,6853.8999,6853.8999,0.2378752602290062,73132.7629,209877.2954,266646.2612,0.0,3.1595117376250004,3.1595117376250004
185,185,40,0,1,0,0,1,1,1,1,0,0,0,28450.6896,0,9428.3945,9428.3945,0.24578713565689367,96454.5188,209877.2954,283818.7345,0.0,3.9760118285500003,3.9760118285500003
186,186,40,0,1,0,0,1,1,1,1,0,1,0,23046.8542,0,6610.9376,6610.9376,0.2077082330736468,81142.0327,209877.2954,272929.3103,0.0,3.3912817726250006,3.3912817726250006
187,187,40,0,1,0,0,1,1,1,1,0,1,0,29339.2931,0,9185.4323,9185.4323,0.2220044058752419,104463.7887,209877.2954,290101.7837,0.0,4.20778186355,4.20778186355
188,188,40,0,1,0,0,1,1,1,1,1,0,0,31328.4336,0,11700.9143,11700.9143,0.32083669512882557,92757.2454,209877.2954,282149.2715,0.0,4.0853020164625,4.0853020164625
189,189,40,0,1,0,0,1,1,1,1,1,0,0,37620.8724,0,14275.4089,14275.4089,0.31022707150052886,116079.0014,209877.2954,299321.7449,0.0,4.9018021073875,4.9018021073875
190,190,40,0,1,0,0,1,1,1,1,1,1,0,32217.037,0,11457.952,11457.952,0.29018493201565004,100766.5152,209877.2954,288432.3207,0.0,4.3170720514625,4.3170720514625
191,191,40,0,1,0,0,1,1,1,1,1,1,0,38509.4758,0,14032.4467,14032.4467,0.28618956378401916,124088.2712,209877.2954,305604.794,0.0,5.1335721423875,5.1335721423875
192,192,40,0,0,1,1,0,0,0,0,0,0,0,0,0,0,0,0.0,0,209877.2954,209877.2954,0.0,0.0,0.0
193,193,40,0,0,1,1,0,0,0,0,0,0,0,2355.5491,0,-558.4377,-558.4377,0.0,9505.2039,209877.2954,214144.6899,0.0,0.5051161943875001,0.5051161943875001
194,194,40,0,0,1,1,0,0,0,0,0,1,0,2561.1556,0,-191.4715,-191.4715,0.0,8543.2209,209877.2954,215056.4635,0.0,0.4226457584875,0.4226457584875
195,195,40,0,0,1,1,0,0,0,0,0,1,0,12666.7956,0,6692.1583,6692.1583,1.0067937921041046,18048.4248,209877.2954,219323.858,0.0,1.1556684464875002,1.1556684464875002
196,196,40,0,0,1,1,0,0,0,0,1,0,0,-999.9594,0,-1065.3033,-1065.3033,0.0,2901.2787,209877.2954,210863.9365,0.0,0.0032400183124999997,0.0032400183124999997
197,197,40,0,0,1,1,0,0,0,0,1,0,0,6137.657,0,2050.8141,2050.8141,0.4488540389415069,12406.4826,209877.2954,215131.3309,0.0,0.7266842656375001,0.7266842656375001
198,198,40,0,0,1,1,0,0,0,0,1,1,0,6143.8334,0,2219.7045,2219.7045,0.5266202956332068,11444.4996,209877.2954,216043.1046,0.0,0.6697778184000002,0.6697778184000002
199,199,40,0,0,1,1,0,0,0,0,1,1,0,16673.2699,0,9576.8756,9576.8756,1.2411710163659329,20949.7035,209877.2954,220310.499,0.0,1.4064002202125,1.4064002202125
200,200,40,0,0,1,1,0,0,0,1,0,0,0,29194.0005,0,18047.142,18047.142,1.437103200422211,34095.8199,209877.2954,232414.4188,0.0,2.3274569697249996,2.3274569697249996
201,201,40,0,0,1,1,0,0,0,1,0,0,0,40410.3466,0,26224.645,26224.645,1.6330185572881195,43601.0238,209877.2954,236681.8133,0.0,3.1034084100749997,3.1034084100749997
202,202,40,0,0,1,1,0,0,0,1,0,1,0,40063.2147,0,25997.8376,25997.8376,1.6554914435132049,42639.0408,209877.2954,237593.5869,0.0,3.0486263465125005,3.0486263465125005
203,203,40,0,0,1,1,0,0,0,1,0,1,0,51333.0914,0,34239.4203,34239.4203,1.7828388580238463,52144.2447,209877.2954,241860.9814,0.0,3.7896818191500015,3.7896818191500015
204,204,40,0,0,1,1,0,0,0,1,1,0,0,33317.7501,0,21083.0824,21083.0824,1.5472686328957008,36997.0986,209877.2954,233401.0599,0.0,2.606192743825,2.606192743825
205,205,40,0,0,1,1,0,0,0,1,1,0,0,44565.6053,0,29293.826,29293.826,1.7103886246222335,46502.3025,209877.2954,237668.4543,0.0,3.39099884565,3.39099884565
206,206,40,0,0,1,1,0,0,0,1,1,1,0,44210.4136,0,29058.1673,29058.1673,1.7324370889705494,45540.3195,209877.2954,238580.228,0.0,3.281058310587501,3.281058310587501
207,207,40,0,0,1,1,0,0,0,1,1,1,0,55501.1378,0,37319.3793,37319.3793,1.8407506812497765,55045.5234,209877.2954,242847.6224,0.0,4.082719834100001,4.082719834100001
208,208,40,0,0,1,1,0,0,1,0,0,0,0,18288.0928,0,10272.5726,10272.5726,1.179129086770113,23653.7802,209877.2954,229365.1148,0.0,1.4957246966,1.4957246966
209,209,40,0,0,1,1,0,0,1,0,0,0,0,29277.171,0,18174.7574,18174.7574,1.4881484780197844,33158.9841,209877.2954,233632.5092,0.0,2.2749561550375,2.2749561550375
210,210,40,0,0,1,1,0,0,1,0,0,1,0,28995.1897,0,18027.5855,18027.5855,1.5201606834087324,32197.001,209877.2954,234544.2829,0.0,2.1788013190875004,2.1788013190875004
211,211,40,0,0,1,1,0,0,1,0,0,1,0,40129.8486,0,26097.0837,26097.0837,1.6991395048974178,41702.2049,209877.2954,238811.6773,0.0,2.9389956378875,2.9389956378875
212,212,40,0,0,1,1,0,0,1,0,1,0,0,22319.3325,0,13190.6843,13190.6843,1.3487407266008502,26555.0589,209877.2954,230351.7558,0.0,1.7559732750125003,1.7559732750125003
213,213,40,0,0,1,1,0,0,1,0,1,0,0,33393.9241,0,21185.8772,21185.8772,1.59520195886853,36060.2628,209877.2954,234619.1502,0.0,2.5507152282625003,2.5507152282625003
214,214,40,0,0,1,1,0,0,1,0,1,1,0,33089.4102,0,21016.0441,21016.0441,1.625747979654917,35098.2797,209877.2954,235530.9239,0.0,2.4515389838749995,2.4515389838749995
215,215,40,0,0,1,1,0,0,1,0,1,1,0,44268.9651,0,29141.7922,29141.7922,1.7739099236579523,44603.4837,209877.2954,239798.3183,0.0,3.2231230538375,3.2231230538375
216,216,40,0,0,1,1,0,0,1,1,0,0,0,56980.4853,0,37867.4445,37867.4445,1.780321789785177,57749.6001,209877.2954,251902.2382,0.0,4.1705010358625,4.1705010358625
217,217,40,0,0,1,1,0,0,1,1,0,0,0,68298.0467,0,46162.5393,46162.5393,1.8635718886066222,67254.804,209877.2954,256169.6326,0.0,4.931965939749998,4.931965939749998
218,218,40,0,0,1,1,0,0,1,1,0,1,0,67916.0178,0,45892.615,45892.615,1.8796123452154143,66292.821,209877.2954,257081.4063,0.0,4.870627029874999,4.870627029874999
219,219,40,0,0,1,1,0,0,1,1,0,1,0,79250.5519,0,54214.6268,54214.6268,1.941993293078067,75798.0249,209877.2954,261348.8007,0.0,5.6427617329125015,5.6427617329125015
220,220,40,0,0,1,1,0,0,1,1,1,0,0,61148.5317,0,40946.5028,40946.5028,1.8330424725062746,60650.8788,209877.2954,252888.8792,0.0,4.4066706775,4.4066706775
221,221,40,0,0,1,1,0,0,1,1,1,0,0,72476.4535,0,49256.4882,49256.4882,1.9062846178739596,70156.0827,209877.2954,257156.2736,0.0,5.171477224825001,5.171477224825001
222,222,40,0,0,1,1,0,0,1,1,1,1,0,72089.8051,0,48986.564,48986.564,1.922172415513054,69194.0997,209877.2954,258068.0473,0.0,5.110138314949999,5.110138314949999
223,223,40,0,0,1,1,0,0,1,1,1,1,0,83436.986,0,57320.4672,57320.4672,1.9775225000028642,78699.3036,209877.2954,262335.4417,0.0,5.8852805269125,5.8852805269125
224,224,40,0,0,1,1,0,1,0,0,0,0,0,8560.2216,0,3367.2189,3367.2189,0.568690907705344,16076.6923,209877.2954,220757.066,0.0,0.944400775175,0.944400775175
225,225,40,0,0,1,1,0,1,0,0,0,0,0,19421.8886,0,11108.571,11108.571,1.179003499844778,25581.8962,209877.2954,225024.4604,0.0,1.6885131984499997,1.6885131984499997
226,226,40,0,0,1,1,0,1,0,0,0,1,0,19167.5585,0,10990.8341,10990.8341,1.2120461043317046,24619.9131,209877.2954,225936.2341,0.0,1.6004677773749998,1.6004677773749998
227,227,40,0,0,1,1,0,1,0,0,0,1,0,30246.6176,0,18995.3046,18995.3046,1.5112820942779848,34125.1171,209877.2954,230203.6285,0.0,2.3888015031374996,2.3888015031374996
228,228,40,0,0,1,1,0,1,0,0,1,0,0,12526.6322,0,6206.895,6206.895,0.8879678173637878,18977.971,209877.2954,221743.707,0.0,1.1910707934250002,1.1910707934250002
229,229,40,0,0,1,1,0,1,0,0,1,0,0,23518.3839,0,14102.6948,14102.6948,1.3442660138801032,28483.1749,209877.2954,226011.1014,0.0,1.9564484852375001,1.9564484852375001
230,230,40,0,0,1,1,0,1,0,0,1,1,0,23234.1279,0,13951.9086,13951.9086,1.3764708514437634,27521.1918,209877.2954,226922.8751,0.0,1.8642526400375,1.8642526400375
231,231,40,0,0,1,1,0,1,0,0,1,1,0,34379.8743,0,22032.0361,22032.0361,1.615607252596331,37026.3958,209877.2954,231190.2695,0.0,2.6170364508375004,2.6170364508375004
232,232,40,0,0,1,1,0,1,0,1,0,0,0,47080.6067,0,30743.1007,30743.1007,1.6636777271748997,50172.5122,209877.2954,243294.1894,0.0,3.606729142925,3.606729142925
233,233,40,0,0,1,1,0,1,0,1,0,0,0,58393.7207,0,39034.5991,39034.5991,1.7759144263186606,59677.7161,209877.2954,247561.5838,0.0,4.3625300498124995,4.3625300498124995
234,234,40,0,0,1,1,0,1,0,1,0,1,0,58013.6405,0,38767.7533,38767.7533,1.7926455792574867,58715.7331,209877.2954,248473.3575,0.0,4.2415817580625,4.2415817580625
235,235,40,0,0,1,1,0,1,0,1,0,1,0,69346.2259,0,47086.4103,47086.4103,1.8739368116307376,68220.937,209877.2954,252740.7519,0.0,5.068258765124999,5.068258765124999
236,236,40,0,0,1,1,0,1,0,1,1,0,0,51246.1543,0,33822.159,33822.159,1.7302107122252623,53073.7909,209877.2954,244280.8304,0.0,3.8428987845625,3.8428987845625
237,237,40,0,0,1,1,0,1,0,1,1,0,0,62572.1275,0,42128.5481,42128.5481,1.8278613363005376,62578.9948,209877.2954,248548.2248,0.0,4.6020413348875,4.6020413348875
238,238,40,0,0,1,1,0,1,0,1,1,1,0,62185.479,0,41858.6238,41858.6238,1.8444797676548745,61617.0118,209877.2954,249459.9985,0.0,4.540702425012499,4.540702425012499
239,239,40,0,0,1,1,0,1,0,1,1,1,0,73532.7618,0,50192.2507,50192.2507,1.9161004271070121,71122.2157,209877.2954,253727.3929,0.0,5.310777559125002,5.310777559125002
240,240,40,0,0,1,1,0,1,1,0,0,0,0,35908.8518,0,22636.1676,22636.1676,1.546925964501157,39730.4725,209877.2954,240244.8853,0.0,2.759672936850001,2.759672936850001
241,241,40,0,0,1,1,0,1,1,0,0,0,0,47136.0766,0,30819.8556,30819.8556,1.6995619085120066,49235.6764,209877.2954,244512.2797,0.0,3.4904902689875006,3.4904902689875006
242,242,40,0,0,1,1,0,1,1,0,0,1,0,46785.0915,0,30593.0483,30593.0483,1.7206438844993364,48273.6933,209877.2954,245424.0534,0.0,3.4357082054250005,3.4357082054250005
243,243,40,0,0,1,1,0,1,1,0,0,1,0,58060.2686,0,38836.399,38836.399,1.824932990982886,57778.8972,209877.2954,249691.4478,0.0,4.1816015066875005,4.1816015066875005
244,244,40,0,0,1,1,0,1,1,0,1,0,0,40039.6269,0,25672.8991,25672.8991,1.63500822183299,42631.7512,209877.2954,241231.5263,0.0,2.987907884550001,2.987907884550001
245,245,40,0,0,1,1,0,1,1,0,1,0,0,51292.7824,0,33890.8047,33890.8047,1.764870316443463,52136.9551,209877.2954,245498.9207,0.0,3.782918533187499,3.782918533187499
246,246,40,0,0,1,1,0,1,1,0,1,1,0,50936.1437,0,33653.3779,33653.3779,1.7855145336783664,51174.972,209877.2954,246410.6944,0.0,3.6681401695000004,3.6681401695000004
247,247,40,0,0,1,1,0,1,1,0,1,1,0,62228.315,0,41915.4651,41915.4651,1.8754962241798145,60680.1759,209877.2954,250678.0888,0.0,4.4790134535125015,4.4790134535125015
248,248,40,0,0,1,1,0,1,1,1,0,0,0,74985.3462,0,50701.7838,50701.7838,1.8646531495044822,73826.2924,209877.2954,262782.0087,0.0,5.389948530662501,5.389948530662501
249,249,40,0,0,1,1,0,1,1,1,0,0,0,86340.4928,0,59047.0558,59047.0558,1.9238581977339226,83331.4963,209877.2954,267049.4031,0.0,6.17037466175,6.17037466175
250,250,40,0,0,1,1,0,1,1,1,0,1,0,85941.6013,0,58760.4576,58760.4576,1.9368599641344917,82369.5132,209877.2954,267961.1768,0.0,6.1061579076,6.1061579076
251,251,40,0,0,1,1,0,1,1,1,0,1,0,97308.4721,0,67117.676,67117.676,1.9835000899786968,91874.7172,209877.2954,272228.5712,0.0,6.8945272726875,6.8945272726875
252,252,40,0,0,1,1,0,1,1,1,1,0,0,79163.753,0,53797.8954,53797.8954,1.9036764124518004,76727.5711,209877.2954,263768.6497,0.0,5.699282706287501,5.699282706287501
253,253,40,0,0,1,1,0,1,1,1,1,0,0,90527.2497,0,62152.8962,62152.8962,1.9569551708775876,86232.775,209877.2954,268036.0441,0.0,6.412893455750001,6.412893455750001
254,254,40,0,0,1,1,0,1,1,1,1,1,0,90128.3582,0,61866.298,61866.298,1.9698878562737965,85270.7919,209877.2954,268947.8178,0.0,6.3486767016000005,6.3486767016000005
255,255,40,0,0,1,1,0,1,1,1,1,1,0,101501.982,0,70232.9727,70232.9727,2.012002539741927,94775.9959,209877.2954,273215.2122,0.0,7.1397480795625,7.1397480795625
256,256,40,0,0,1,1,1,0,0,0,0,0,0,0,0,0,0,0.0,0,209877.2954,209877.2954,0.0,0.0,0.0
257,257,40,0,0,1,1,1,0,0,0,0,0,0,2306.2804,0,-9447.1848,-9447.1848,0.0,98971.846,209877.2954,272782.2526,0.0,3.4351197782375,3.4351197782375
258,258,40,0,0,1,1,1,0,0,0,0,1,0,5055.6619,0,5.0413,5.0413,0.0007652296321834127,19480.6187,209877.2954,229196.1397,0.0,0.8826916118500001,0.8826916118500001
259,259,40,0,0,1,1,1,0,0,0,0,1,0,17412.7421,0,572.9477,572.9477,0.016708886779963013,118452.4647,209877.2954,292101.0969,0.0,4.8156753745000005,4.8156753745000005
260,260,40,0,0,1,1,1,0,0,0,1,0,0,-3156.969,0,-13799.0962,-13799.0962,0.0,83438.4843,209877.2954,280938.385,0.0,2.4785259879125006,2.4785259879125006
261,261,40,0,0,1,1,1,0,0,0,1,0,0,10118.4351,0,-11403.112,-11403.112,0.0,182410.3304,209877.2954,343843.3422,0.0,6.6570965346125,6.6570965346125
262,262,40,0,0,1,1,1,0,0,0,1,1,0,11921.8872,0,-3586.6394,-3586.6394,0.0,102919.103,209877.2954,300257.2293,0.0,4.254629969012501,4.254629969012501
263,263,40,0,0,1,1,1,0,0,0,1,1,0,25202.7496,0,-1341.0065,-1341.0065,0.0,201890.949,209877.2954,363162.1864,0.0,8.069799929600002,8.069799929600002
264,264,40,0,0,1,1,1,0,0,1,0,0,0,30059.3575,0,13425.8972,13425.8972,0.4864279272543914,80709.0737,209877.2954,272163.8744,0.0,3.5985663948625004,3.5985663948625004
265,265,40,0,0,1,1,1,0,0,1,0,0,0,43182.4963,0,15209.9464,15209.9464,0.275029317886445,179680.9197,209877.2954,335068.8316,0.0,7.610542634112501,7.610542634112501
266,266,40,0,0,1,1,1,0,0,1,0,1,0,45034.8993,0,23114.3967,23114.3967,0.6760572314029868,100189.6923,209877.2954,291482.7186,0.0,4.844919142200001,4.844919142200001
267,267,40,0,0,1,1,1,0,0,1,0,1,0,58266.8107,0,25199.5336,25199.5336,0.4071599035476106,199161.5384,209877.2954,354387.6758,0.0,8.940161421875002,8.940161421875002
268,268,40,0,0,1,1,1,0,0,1,1,0,0,37645.6694,0,11047.886,11047.886,0.21340324499480057,164147.558,209877.2954,343224.964,0.0,7.0915894438125004,7.0915894438125004
269,269,40,0,0,1,1,1,0,0,1,1,0,0,50972.5038,0,13248.0013,13248.0013,0.16670023749145507,263119.4041,209877.2954,406129.9212,0.0,10.8035736050625,10.8035736050625
270,270,40,0,0,1,1,1,0,0,1,1,1,0,52746.7162,0,21003.7765,21003.7765,0.3599063810259488,183628.1767,209877.2954,362543.8082,0.0,8.393658706824999,8.393658706824999
271,271,40,0,0,1,1,1,0,0,1,1,1,0,66056.8182,0,23328.1295,23328.1295,0.2710682029718493,282600.0227,209877.2954,425448.7654,0.0,12.234365259425003,12.234365259425003
272,272,40,0,0,1,1,1,0,1,0,0,0,0,14904.02,0,2704.884,2704.884,0.12541190527967824,67403.3816,209877.2954,264718.6977,0.0,2.4312512238874997,2.4312512238874997
273,273,40,0,0,1,1,1,0,1,0,0,0,0,28118.6311,0,4677.4692,4677.4692,0.0949354414581301,166375.2276,209877.2954,327623.6549,0.0,6.6086600788125,6.6086600788125
274,274,40,0,0,1,1,1,0,1,0,0,1,0,29963.9174,0,12424.8644,12424.8644,0.4412865610802288,86884.0003,209877.2954,284037.5419,0.0,3.7508785561625,3.7508785561625
275,275,40,0,0,1,1,1,0,1,0,0,1,0,43202.9455,0,14678.7468,14678.7468,0.2627868314243988,185855.8463,209877.2954,346942.4991,0.0,7.950570601425003,7.950570601425003
276,276,40,0,0,1,1,1,0,1,0,1,0,0,22624.5934,0,423.6807,423.6807,0.009263413531886295,150841.8659,209877.2954,335779.7872,0.0,5.99657488735,5.99657488735
277,277,40,0,0,1,1,1,0,1,0,1,0,0,35908.6386,0,2670.8128,2670.8128,0.036367771686743516,249813.712,209877.2954,398684.7444,0.0,9.732109037537501,9.732109037537501
278,278,40,0,0,1,1,1,0,1,0,1,1,0,37679.7131,0,10453.119,10453.119,0.1997729383463793,170322.4846,209877.2954,355098.6315,0.0,7.391933651737502,7.391933651737502
279,279,40,0,0,1,1,1,0,1,0,1,1,0,50992.953,0,12753.5741,12753.5741,0.15936588966904494,269294.3306,209877.2954,418003.5887,0.0,11.1661987817125,11.1661987817125
280,280,40,0,0,1,1,1,0,1,1,0,0,0,55660.5784,0,27131.4359,27131.4359,0.5517884063670341,148112.4553,209877.2954,327005.2766,0.0,6.877821993762502,6.877821993762502
281,281,40,0,0,1,1,1,0,1,1,0,0,0,68972.6997,0,29328.5824,29328.5824,0.3815298673041539,247084.3013,209877.2954,389910.2338,0.0,10.755137149262502,10.755137149262502
282,282,40,0,0,1,1,1,0,1,1,0,1,0,70736.4792,0,37120.021,37120.021,0.6657344410330168,167593.0739,209877.2954,346324.1208,0.0,8.250869982925,8.250869982925
283,283,40,0,0,1,1,1,0,1,1,0,1,0,84057.0142,0,39329.8601,39329.8601,0.4712476792029576,266564.92,209877.2954,409229.078,0.0,12.097047671875002,12.097047671875002
284,284,40,0,0,1,1,1,0,1,1,1,0,0,63424.2056,0,25073.4638,25073.4638,0.3418844515461305,231550.9396,209877.2954,398066.3662,0.0,10.174756477099999,10.174756477099999
285,285,40,0,0,1,1,1,0,1,1,1,0,0,76762.7072,0,27321.926,27321.926,0.2704070270565946,330522.7857,209877.2954,460971.3234,0.0,13.878586107987502,13.878586107987502
286,286,40,0,0,1,1,1,0,1,1,1,1,0,78479.3254,0,35048.0045,35048.0045,0.438500188260497,251031.5583,209877.2954,417385.2104,0.0,11.491141040112499,11.491141040112499
287,287,40,0,0,1,1,1,0,1,1,1,1,0,91823.8445,0,37404.453,37404.453,0.3475345909623887,350003.4043,209877.2954,480290.1676,0.0,15.330764111537505,15.330764111537505
288,288,40,0,0,1,1,1,1,0,0,0,0,0,9556.1317,0,-6561.3029,-6561.3029,0.0,115202.4303,209877.2954,296995.755,0.0,3.3930417557875003,3.3930417557875003
289,289,40,0,0,1,1,1,1,0,0,0,0,0,22926.4833,0,-4105.2946,-4105.2946,0.0,214174.2763,209877.2954,359900.7122,0.0,7.721870276512501,7.721870276512501
290,290,40,0,0,1,1,1,1,0,0,0,1,0,24611.8562,0,3086.4823,3086.4823,0.07460136476861082,134683.0489,209877.2954,316314.5992,0.0,4.636577697750001,4.636577697750001
291,291,40,0,0,1,1,1,1,0,0,0,1,0,38010.7977,0,5895.9831,5895.9831,0.08535748692862954,233654.895,209877.2954,379219.5564,0.0,9.063780799125,9.063780799125
292,292,40,0,0,1,1,1,1,0,0,1,0,0,17352.0356,0,-8381.4054,-8381.4054,0.0,198640.9146,209877.2954,368056.8445,0.0,7.184331947362502,7.184331947362502
293,293,40,0,0,1,1,1,1,0,0,1,0,0,30716.4908,0,-6001.444,-6001.444,0.0,297612.7606,209877.2954,430961.8017,0.0,10.932718362049997,10.932718362049997
294,294,40,0,0,1,1,1,1,0,0,1,1,0,32483.8283,0,1593.1354,1593.1354,0.024307091286660913,218121.5333,209877.2954,387375.6888,0.0,8.500716510375002,8.500716510375002
295,295,40,0,0,1,1,1,1,0,0,1,1,0,45800.8052,0,4008.9329,4008.9329,0.042994465476022994,317093.3793,209877.2954,450280.646,0.0,12.285484710100002,12.285484710100002
296,296,40,0,0,1,1,1,1,0,1,0,0,0,50308.5171,0,18232.0807,18232.0807,0.2922463483678307,195911.504,209877.2954,359282.3339,0.0,8.067414880925002,8.067414880925002
297,297,40,0,0,1,1,1,1,0,1,0,0,0,63780.5519,0,20545.8187,20545.8187,0.2280664097144062,294883.35,209877.2954,422187.2911,0.0,11.868347346962503,11.868347346962503
298,298,40,0,0,1,1,1,1,0,1,0,1,0,65423.6073,0,28164.8761,28164.8761,0.40834047740110674,215392.1226,209877.2954,378601.1781,0.0,9.353966561312504,9.353966561312504
299,299,40,0,0,1,1,1,1,0,1,0,1,0,78847.8683,0,30533.7066,30533.7066,0.31583543544752485,314363.9687,209877.2954,441506.1353,0.0,13.210257869574999,13.210257869574999
300,300,40,0,0,1,1,1,1,0,1,1,0,0,58151.6478,0,16213.4802,16213.4802,0.18731997192626337,279349.9883,209877.2954,430343.4235,0.0,11.2835393357375,11.2835393357375
301,301,40,0,0,1,1,1,1,0,1,1,0,0,71508.9035,0,18619.1244,18619.1244,0.162959708268383,378321.8343,209877.2954,493248.3807,0.0,15.097283691874999,15.097283691874999
302,302,40,0,0,1,1,1,1,0,1,1,1,0,73304.3899,0,26299.4122,26299.4122,0.28235521959170895,298830.607,209877.2954,449662.2677,0.0,12.705515948687504,12.705515948687504
303,303,40,0,0,1,1,1,1,0,1,1,1,0,86531.8041,0,28581.1245,28581.1245,0.2365106085189965,397802.453,209877.2954,512567.2249,0.0,16.450050039925,16.450050039925
304,304,40,0,0,1,1,1,1,1,0,0,0,0,35308.4466,0,7687.5795,7687.5795,0.13641828313168466,182605.8119,209877.2954,351837.1572,0.0,7.05523037215,7.05523037215
305,305,40,0,0,1,1,1,1,1,0,0,0,0,48716.6867,0,9968.6302,9968.6302,0.11859792708168058,281577.6579,209877.2954,414742.1144,0.0,10.796882779437505,10.796882779437505
306,306,40,0,0,1,1,1,1,1,0,0,1,0,50434.3549,0,17643.47,17643.47,0.28031759912032456,202086.4305,209877.2954,371156.0014,0.0,8.357299635162502,8.357299635162502
307,307,40,0,0,1,1,1,1,1,0,0,1,0,63801.0011,0,19969.9078,19969.9078,0.22031627492757866,301058.2766,209877.2954,434060.9586,0.0,12.13879330205,12.13879330205
308,308,40,0,0,1,1,1,1,1,0,1,0,0,43180.5386,0,5730.7722,5730.7722,0.07117026693882156,266044.2962,209877.2954,422898.2468,0.0,10.298326844150003,10.298326844150003
309,309,40,0,0,1,1,1,1,1,0,1,0,0,56494.6067,0,8083.615,8083.615,0.07469405749509256,365016.1422,209877.2954,485803.2039,0.0,14.029117214162502,14.029117214162502
310,310,40,0,0,1,1,1,1,1,0,1,1,0,58251.9105,0,15720.3595,15720.3595,0.18046561196003838,285524.9149,209877.2954,442217.091,0.0,11.6279456319125,11.6279456319125
311,311,40,0,0,1,1,1,1,1,0,1,1,0,71541.7138,0,18064.683,18064.683,0.15734278925977851,384496.7609,209877.2954,505122.0482,0.0,15.381883562212503,15.381883562212503
312,312,40,0,0,1,1,1,1,1,1,0,0,0,76178.8474,0,32237.9174,32237.9174,0.383995013852428,263314.8856,209877.2954,414123.7361,0.0,11.124284134150004,11.124284134150004
313,313,40,0,0,1,1,1,1,1,1,0,0,0,89500.2417,0,34564.1984,34564.1984,0.3095597048803775,362286.7316,209877.2954,477028.6933,0.0,14.943359849887502,14.943359849887502
314,314,40,0,0,1,1,1,1,1,1,0,1,0,91202.063,0,42302.4826,42302.4826,0.4672139179193662,282795.5042,209877.2954,433442.5804,0.0,12.550059703599999,12.550059703599999
315,315,40,0,0,1,1,1,1,1,1,0,1,0,104503.9234,0,44501.96,44501.96,0.3763570244103075,381767.3503,209877.2954,496347.5375,0.0,16.2852703725,16.2852703725
316,316,40,0,0,1,1,1,1,1,1,1,0,0,83953.8537,0,30312.384,30312.384,0.280350933812263,346753.3699,209877.2954,485184.8257,0.0,14.422812891525,14.422812891525
317,317,40,0,0,1,1,1,1,1,1,1,0,0,97135.8712,0,32585.121,32585.121,0.2399051791340735,445725.2159,209877.2954,548089.7829,0.0,18.193682543987503,18.193682543987503
318,318,40,0,0,1,1,1,1,1,1,1,1,0,98948.9034,0,40241.8507,40241.8507,0.3508107394049674,366233.9886,209877.2954,504503.6699,0.0,15.752431679287495,15.752431679287495
319,319,40,0,0,1,1,1,1,1,1,1,1,0,112111.7908,0,42510.113,42510.113,0.2984988240557972,465205.8346,209877.2954,567408.6271,0.0,19.546448892037503,19.546448892037503
320,320,40,0,0,1,0,1,0,0,0,0,0,0,0,0,0,0,0.0,0,209877.2954,209877.2954,0.0,0.0,0.0
321,321,40,0,0,1,0,1,0,0,0,0,0,0,-7239.0651,0,-15881.7829,-15881.7829,0.0,89466.6421,209877.2954,268514.8582,0.0,2.6793835607624996,2.6793835607624996
322,322,40,0,0,1,0,1,0,0,0,0,1,0,-2370.1528,0,0,0,0.0,10937.3978,209877.2954,224016.9716,0.0,0.0,0.0
323,323,40,0,0,1,0,1,0,0,0,0,1,0,-3134.3801,0,-13978.7629,-13978.7629,0.0,100404.0399,209877.2954,282654.5344,0.0,3.3729447839875006,3.3729447839875006
324,324,40,0,0,1,0,1,0,0,0,1,0,0,-6266.7884,0,-15715.7232,-15715.7232,0.0,80537.2056,209877.2954,279951.744,0.0,2.242356346275,2.242356346275
325,325,40,0,0,1,0,1,0,0,0,1,0,0,-5583.3185,0,-23014.3352,-23014.3352,0.0,170003.8478,209877.2954,338589.3068,0.0,5.6332750161625,5.6332750161625
326,326,40,0,0,1,0,1,0,0,0,1,1,0,-2219.9904,0,-13662.5426,-13662.5426,0.0,91474.6034,209877.2954,294091.4201,0.0,3.3321124525625008,3.3321124525625008
327,327,40,0,0,1,0,1,0,0,0,1,1,0,-1451.5564,0,-21068.3243,-21068.3243,0.0,180941.2456,209877.2954,352728.9829,0.0,6.3524206099625005,6.3524206099625005
328,328,40,0,0,1,0,1,0,0,1,0,0,0,-9107.3223,0,-14313.0649,-14313.0649,0.0,46613.2538,209877.2954,249626.751,0.0,0.7649917610000001,0.7649917610000001
329,329,40,0,0,1,0,1,0,0,1,0,0,0,-7735.4796,0,-21839.7458,-21839.7458,0.0,136079.8959,209877.2954,308264.3138,0.0,4.117329877837499,4.117329877837499
330,330,40,0,0,1,0,1,0,0,1,0,1,0,-5431.3784,0,-13285.2421,-13285.2421,0.0,57550.6516,209877.2954,263766.4271,0.0,1.2673392860875001,1.2673392860875001
331,331,40,0,0,1,0,1,0,0,1,0,1,0,-3612.3761,0,-19910.4859,-19910.4859,0.0,147017.2937,209877.2954,322403.9899,0.0,4.820505985812501,4.820505985812501
332,332,40,0,0,1,0,1,0,0,1,1,0,0,-6019.5726,0,-20668.2406,-20668.2406,0.0,127150.4594,209877.2954,319701.1996,0.0,4.1234029436,4.1234029436
333,333,40,0,0,1,0,1,0,0,1,1,0,0,-4186.6711,0,-26902.4848,-26902.4848,0.0,216617.1015,209877.2954,378338.7623,0.0,7.088444621412499,7.088444621412499
334,334,40,0,0,1,0,1,0,0,1,1,1,0,-1931.1736,0,-18764.2277,-18764.2277,0.0,138087.8572,209877.2954,333840.8757,0.0,4.821074920012501,4.821074920012501
335,335,40,0,0,1,0,1,0,0,1,1,1,0,-36.2372,0,-25012.4166,-25012.4166,0.0,227554.4993,209877.2954,392478.4385,0.0,7.745274937775001,7.745274937775001
336,336,40,0,0,1,0,1,0,1,0,0,0,0,-11313.6448,0,-14713.0103,-14713.0103,0.0,43749.6014,209877.2954,245230.8783,0.0,0.3964950178125,0.3964950178125
337,337,40,0,0,1,0,1,0,1,0,0,0,0,-9480.3378,0,-21853.7573,-21853.7573,0.0,133216.2436,209877.2954,303868.4411,0.0,3.9863174940500006,3.9863174940500006
338,338,40,0,0,1,0,1,0,1,0,0,1,0,-7185.6246,0,-13792.0028,-13792.0028,0.0,54686.9992,209877.2954,259370.5545,0.0,0.939715146975,0.939715146975
339,339,40,0,0,1,0,1,0,1,0,0,1,0,-5351.9008,0,-19963.4187,-19963.4187,0.0,144153.6414,209877.2954,318008.1173,0.0,4.6431478104125,4.6431478104125
340,340,40,0,0,1,0,1,0,1,0,1,0,0,-9596.1907,0,-22811.0015,-22811.0015,0.0,124286.8071,209877.2954,315305.3269,0.0,3.9165386173125003,3.9165386173125003
341,341,40,0,0,1,0,1,0,1,0,1,0,0,-7758.1438,0,-28954.0235,-28954.0235,0.0,213753.4492,209877.2954,373942.8897,0.0,6.918614345762502,6.918614345762502
342,342,40,0,0,1,0,1,0,1,0,1,1,0,-5535.3214,0,-20893.261,-20893.261,0.0,135224.2049,209877.2954,329445.003,0.0,4.620625299912501,4.620625299912501
343,343,40,0,0,1,0,1,0,1,0,1,1,0,-3670.7815,0,-27054.5431,-27054.5431,0.0,224690.847,209877.2954,388082.5658,0.0,7.5834161571875,7.5834161571875
344,344,40,0,0,1,0,1,0,1,1,0,0,0,-11839.6722,0,-21771.2485,-21771.2485,0.0,90362.8552,209877.2954,284980.3339,0.0,1.8982580815750003,1.8982580815750003
345,345,40,0,0,1,0,1,0,1,1,0,0,0,-9978.4567,0,-27764.2055,-27764.2055,0.0,179829.4973,209877.2954,343617.8967,0.0,5.4414870993,5.4414870993
346,346,40,0,0,1,0,1,0,1,1,0,1,0,-7716.7248,0,-20091.9699,-20091.9699,0.0,101300.253,209877.2954,299120.01,0.0,2.5117503700875004,2.5117503700875004
347,347,40,0,0,1,0,1,0,1,1,0,1,0,-5831.6012,0,-25874.1373,-25874.1373,0.0,190766.8951,209877.2954,357757.5728,0.0,6.0983174156625,6.0983174156625
348,348,40,0,0,1,0,1,0,1,1,1,0,0,-8222.0661,0,-26783.2192,-26783.2192,0.0,170900.0608,209877.2954,355054.7824,0.0,5.341478437699999,5.341478437699999
349,349,40,0,0,1,0,1,0,1,1,1,0,0,-6342.8247,0,-32915.6672,-32915.6672,0.0,260366.7029,209877.2954,413692.3452,0.0,8.3065874601375,8.3065874601375
350,350,40,0,0,1,0,1,0,1,1,1,1,0,-4161.1968,0,-24830.7443,-24830.7443,0.0,181837.4586,209877.2954,369194.4586,0.0,6.058571616987501,6.058571616987501
351,351,40,0,0,1,0,1,0,1,1,1,1,0,-2255.4623,0,-30923.7637,-30923.7637,0.0,271304.1007,209877.2954,427832.0214,0.0,9.043509685437497,9.043509685437497
352,352,40,0,0,1,0,1,1,0,0,0,0,0,-5611.2945,0,-16245.002,-16245.002,0.0,99125.738,209877.2954,286115.9845,0.0,2.071925553225,2.071925553225
353,353,40,0,0,1,0,1,1,0,0,0,0,0,-4752.0975,0,-23550.314,-23550.314,0.0,188592.3801,209877.2954,344753.5472,0.0,5.700100140349998,5.700100140349998
354,354,40,0,0,1,0,1,1,0,0,0,1,0,-1561.2707,0,-14520.6274,-14520.6274,0.0,110063.1358,209877.2954,300255.6606,0.0,2.769054335875,2.769054335875
355,355,40,0,0,1,0,1,1,0,0,0,1,0,-664.4818,0,-21659.9755,-21659.9755,0.0,199529.7779,209877.2954,358893.2234,0.0,6.356930456712499,6.356930456712499
356,356,40,0,0,1,0,1,1,0,0,1,0,0,-3890.8997,0,-23446.0945,-23446.0945,0.0,179662.9436,209877.2954,356190.433,0.0,5.6167684485125,5.6167684485125
357,357,40,0,0,1,0,1,1,0,0,1,0,0,-3070.1189,0,-30617.8733,-30617.8733,0.0,269129.5857,209877.2954,414827.9958,0.0,8.640553505625,8.640553505625
358,358,40,0,0,1,0,1,1,0,0,1,1,0,169.9695,0,-21491.3468,-21491.3468,0.0,190600.3414,209877.2954,370330.1091,0.0,6.325214713924999,6.325214713924999
359,359,40,0,0,1,0,1,1,0,0,1,1,0,1017.2435,0,-28718.3929,-28718.3929,0.0,280066.9835,209877.2954,428967.6719,0.0,9.30535531705,9.30535531705
360,360,40,0,0,1,0,1,1,0,1,0,0,0,-7274.0732,0,-23935.6564,-23935.6564,0.0,145738.9917,209877.2954,325865.44,0.0,3.410242748225,3.410242748225
361,361,40,0,0,1,0,1,1,0,1,0,0,0,-5230.9387,0,-29460.1156,-29460.1156,0.0,235205.6339,209877.2954,384503.0028,0.0,7.155269745600001,7.155269745600001
362,362,40,0,0,1,0,1,1,0,1,0,1,0,-3172.1654,0,-22215.4113,-22215.4113,0.0,156676.3895,209877.2954,340005.1161,0.0,4.060481128862501,4.060481128862501
363,363,40,0,0,1,0,1,1,0,1,0,1,0,-1143.5763,0,-27570.0474,-27570.0474,0.0,246143.0317,209877.2954,398642.6789,0.0,7.8121000619625,7.8121000619625
364,364,40,0,0,1,0,1,1,0,1,1,0,0,-3605.9489,0,-28455.8845,-28455.8845,0.0,226276.1974,209877.2954,395939.8886,0.0,7.1252760272125,7.1252760272125
365,365,40,0,0,1,0,1,1,0,1,1,0,0,-1654.7998,0,-34487.0939,-34487.0939,0.0,315742.8395,209877.2954,454577.4513,0.0,10.100647033875001,10.100647033875001
366,366,40,0,0,1,0,1,1,0,1,1,1,0,454.9204,0,-26591.3137,-26591.3137,0.0,237213.5952,209877.2954,410079.5647,0.0,7.763161031000004,7.763161031000004
367,367,40,0,0,1,0,1,1,0,1,1,1,0,2432.5626,0,-32587.6136,-32587.6136,0.0,326680.2373,209877.2954,468717.1275,0.0,10.765448845300003,10.765448845300003
368,368,40,0,0,1,0,1,1,1,0,0,0,0,-8922.5685,0,-24471.2416,-24471.2416,0.0,142875.3394,209877.2954,321469.5673,0.0,3.064620042825001,3.064620042825001
369,369,40,0,0,1,0,1,1,1,0,0,0,0,-6969.6181,0,-29561.6773,-29561.6773,0.0,232341.9815,209877.2954,380107.1301,0.0,6.918242979075001,6.918242979075001
370,370,40,0,0,1,0,1,1,1,0,0,1,0,-4799.2057,0,-21531.6312,-21531.6312,0.0,153812.7372,209877.2954,335609.2435,0.0,4.6230086415,4.6230086415
371,371,40,0,0,1,0,1,1,1,0,0,1,0,-2882.0024,0,-27572.037,-27572.037,0.0,243279.3793,209877.2954,394246.8063,0.0,7.6544968756874985,7.6544968756874985
372,372,40,0,0,1,0,1,1,1,0,1,0,0,-7258.5198,0,-30503.6775,-30503.6775,0.0,223412.5451,209877.2954,391544.0159,0.0,6.944582871612502,6.944582871612502
373,373,40,0,0,1,0,1,1,1,0,1,0,0,-5289.344,0,-36604.0921,-36604.0921,0.0,312879.1872,209877.2954,450181.5787,0.0,9.871549052850002,9.871549052850002
374,374,40,0,0,1,0,1,1,1,0,1,1,0,-3093.7524,0,-28625.0547,-28625.0547,0.0,234349.9428,209877.2954,405683.692,0.0,7.59227183015,7.59227183015
375,375,40,0,0,1,0,1,1,1,0,1,1,0,-1201.9816,0,-34704.6117,-34704.6117,0.0,323816.585,209877.2954,464321.2548,0.0,10.536350864275002,10.536350864275002
376,376,40,0,0,1,0,1,1,1,1,0,0,0,-9471.0137,0,-29373.3748,-29373.3748,0.0,189488.5932,209877.2954,361219.0229,0.0,5.4206245369125,5.4206245369125
377,377,40,0,0,1,0,1,1,1,1,0,0,0,-7450.1638,0,-35473.298,-35473.298,0.0,278955.2353,209877.2954,419856.5857,0.0,8.373412584325001,8.373412584325001
378,378,40,0,0,1,0,1,1,1,1,0,1,0,-5319.2071,0,-27525.4642,-27525.4642,0.0,200425.991,209877.2954,375358.699,0.0,6.0479484618875,6.0479484618875
379,379,40,0,0,1,0,1,1,1,1,0,1,0,-3362.8014,0,-33583.2299,-33583.2299,0.0,289892.6331,209877.2954,433996.2618,0.0,9.030242900687501,9.030242900687501
380,380,40,0,0,1,0,1,1,1,1,1,0,0,-5884.3952,0,-34414.6508,-34414.6508,0.0,270025.7988,209877.2954,431293.4715,0.0,8.392144073437501,8.392144073437501
381,381,40,0,0,1,0,1,1,1,1,1,0,0,-3874.0248,0,-40473.3127,-40473.3127,0.0,359492.4409,209877.2954,489931.0342,0.0,11.331642581100002,11.331642581100002
382,382,40,0,0,1,0,1,1,1,1,1,1,0,-1697.105,0,-32536.028,-32536.028,0.0,280963.1966,209877.2954,445433.1476,0.0,9.039833031975002,9.039833031975002
383,383,40,0,0,1,0,1,1,1,1,1,1,0,213.3375,0,-38573.8323,-38573.8323,0.0,370429.8387,209877.2954,504070.7104,0.0,11.996444392525001,11.996444392525001
